SEXO;IDADE;RENDA;PROFISSAO;ESTADO_CIVIL;;
F;23;3314;ADMINISTRADOR;SEPARADO(A) JUDICIALMENTE;;
M;39;834;ADMINISTRADOR;SOLTEIRO(A);;
M;58;2017;ADMINISTRADOR;CASADO(A);;
M;39;4288;ADMINISTRADOR;SEPARADO(A) JUDICIALMENTE;;
M;28;2824;ADMINISTRADOR;SOLTEIRO(A);;
M;37;1419;ADMINISTRADOR;SOLTEIRO(A);;
M;26;3559;ADMINISTRADOR;SOLTEIRO(A);;
M;34;4262;ADVOGADO DE EMPRESA;CASADO(A);;
M;33;4453;ADVOGADO DE EMPRESA;SOLTEIRO(A);;
M;34;2217;ADVOGADO DE EMPRESA;SOLTEIRO(A);;
F;27;4453;ADVOGADO DE EMPRESA;SOLTEIRO(A);;
F;26;5829;ADVOGADO DE EMPRESA;SOLTEIRO(A);;
F;35;1951;ADVOGADO DE EMPRESA;SOLTEIRO(A);;
F;27;3326;ADVOGADO DE EMPRESA;SOLTEIRO(A);;
F;28;2631;ADVOGADO DE EMPRESA;SOLTEIRO(A);;
F;41;13764;ADVOGADO DE EMPRESA;OUTROS;;
F;43;2571;ADVOGADO DE EMPRESA;SOLTEIRO(A);;
F;43;5716;ADVOGADO DE EMPRESA;CASADO(A);;
M;37;2974;AGENTE PUBLICITARIO;SOLTEIRO(A);;
M;28;4310;AGENTE PUBLICITARIO;SOLTEIRO(A);;
F;38;4590;AGENTE PUBLICITARIO;SOLTEIRO(A);;
M;41;2237;AGENTE PUBLICITARIO;SOLTEIRO(A);;
F;32;4124;AGENTE PUBLICITARIO;CASADO(A);;
M;37;2974;AGENTE PUBLICITARIO;SOLTEIRO(A);;
F;33;5323;AGENTE PUBLICITARIO;SOLTEIRO(A);;
F;36;2874;AGENTE PUBLICITARIO;OUTROS;;
M;28;4590;AGENTE PUBLICITARIO;SOLTEIRO(A);;
F;30;4590;AGENTE PUBLICITARIO;SOLTEIRO(A);;
M;34;2501;AGENTE PUBLICITARIO;SOLTEIRO(A);;
M;37;8741;AGENTE PUBLICITARIO;SOLTEIRO(A);;
F;38;5265;AGENTE PUBLICITARIO;SOLTEIRO(A);;
M;31;2719;AGENTE PUBLICITARIO;SOLTEIRO(A);;
F;32;3004;AGENTE PUBLICITARIO;OUTROS;;
F;33;4124;AGENTE PUBLICITARIO;SOLTEIRO(A);;
M;28;1531;ALMOXARIFE;SOLTEIRO(A);;
M;31;2139;ALMOXARIFE;SOLTEIRO(A);;
M;28;1176;ALMOXARIFE;SOLTEIRO(A);;
M;25;1501;ALMOXARIFE;SOLTEIRO(A);;
M;27;2037;ALMOXARIFE;SOLTEIRO(A);;
M;38;1942;ALMOXARIFE;SOLTEIRO(A);;
M;22;1611;ALMOXARIFE;SOLTEIRO(A);;
M;32;1821;ALMOXARIFE;SOLTEIRO(A);;
M;28;2139;ALMOXARIFE;CASADO(A);;
M;51;1860;ALMOXARIFE;CASADO(A);;
M;21;3400;ALMOXARIFE;SOLTEIRO(A);;
M;28;3486;ALMOXARIFE;SOLTEIRO(A);;
M;20;1813;ALMOXARIFE;SOLTEIRO(A);;
M;44;1186;ALMOXARIFE;SEPARADO(A) JUDICIALMENTE;;
M;45;1920;ALMOXARIFE;SOLTEIRO(A);;
M;32;1286;ALMOXARIFE;SOLTEIRO(A);;
M;37;1165;ALMOXARIFE;CASADO(A);;
M;41;2113;ALMOXARIFE;CASADO(A);;
M;33;1365;ALMOXARIFE;SOLTEIRO(A);;
M;45;1425;ALMOXARIFE;CASADO(A);;
M;31;1542;ALMOXARIFE;SOLTEIRO(A);;
M;30;1542;ALMOXARIFE;SOLTEIRO(A);;
M;23;1542;ALMOXARIFE;SOLTEIRO(A);;
M;35;2037;ALMOXARIFE;CASADO(A);;
M;42;963;ALMOXARIFE;SOLTEIRO(A);;
M;48;1353;ALMOXARIFE;SOLTEIRO(A);;
M;35;1513;ALMOXARIFE;CASADO(A);;
M;27;2139;ALMOXARIFE;SOLTEIRO(A);;
M;22;1684;ALMOXARIFE;SOLTEIRO(A);;
M;33;1550;ALMOXARIFE;SOLTEIRO(A);;
M;22;1813;ALMOXARIFE;SOLTEIRO(A);;
M;41;1310;ALMOXARIFE;SEPARADO(A) JUDICIALMENTE;;
M;28;1478;ALMOXARIFE;SOLTEIRO(A);;
M;46;1428;ALMOXARIFE;SOLTEIRO(A);;
M;32;1237;ALMOXARIFE;CASADO(A);;
M;41;1542;ALMOXARIFE;CASADO(A);;
M;31;1576;ALMOXARIFE;SOLTEIRO(A);;
M;40;2501;ALMOXARIFE;SOLTEIRO(A);;
M;37;1542;ALMOXARIFE;SOLTEIRO(A);;
M;30;1901;ALMOXARIFE;OUTROS;;
M;34;1493;ALMOXARIFE;CASADO(A);;
M;39;2050;ALMOXARIFE;CASADO(A);;
M;38;1702;ALMOXARIFE;SOLTEIRO(A);;
M;44;1940;ALMOXARIFE;SOLTEIRO(A);;
F;37;1362;ALMOXARIFE;SOLTEIRO(A);;
M;27;2224;ALMOXARIFE;SOLTEIRO(A);;
M;36;2139;ALMOXARIFE;SOLTEIRO(A);;
M;19;1813;ALMOXARIFE;SOLTEIRO(A);;
M;34;1362;ALMOXARIFE;SOLTEIRO(A);;
M;35;1817;ALMOXARIFE;SOLTEIRO(A);;
M;25;3670;ALMOXARIFE;SOLTEIRO(A);;
M;33;1202;ALMOXARIFE;SOLTEIRO(A);;
M;25;1611;ALMOXARIFE;SOLTEIRO(A);;
M;22;1773;ALMOXARIFE;SOLTEIRO(A);;
M;27;1966;ALMOXARIFE;CASADO(A);;
M;25;1826;ALMOXARIFE;SOLTEIRO(A);;
M;26;1573;ALMOXARIFE;SOLTEIRO(A);;
M;31;1286;ALMOXARIFE;SOLTEIRO(A);;
M;37;1478;ALMOXARIFE;CASADO(A);;
M;23;1773;ALMOXARIFE;SOLTEIRO(A);;
M;23;2038;ALMOXARIFE;SOLTEIRO(A);;
M;51;1816;ALMOXARIFE;SOLTEIRO(A);;
M;39;1027;ALMOXARIFE;SOLTEIRO(A);;
M;50;1445;ALMOXARIFE;CASADO(A);;
M;30;1451;ALMOXARIFE;SOLTEIRO(A);;
M;26;2139;ALMOXARIFE;SOLTEIRO(A);;
M;34;1413;ALMOXARIFE;SOLTEIRO(A);;
M;28;2377;ALMOXARIFE;CASADO(A);;
M;34;2139;ALMOXARIFE;SOLTEIRO(A);;
M;40;1954;ALMOXARIFE;SOLTEIRO(A);;
M;27;1901;ALMOXARIFE;SOLTEIRO(A);;
M;31;1649;ALMOXARIFE;SOLTEIRO(A);;
M;28;3314;ALMOXARIFE;SOLTEIRO(A);;
M;34;1960;ALMOXARIFE;SOLTEIRO(A);;
M;23;1611;ALMOXARIFE;SOLTEIRO(A);;
M;20;1722;ALMOXARIFE;SOLTEIRO(A);;
M;21;1611;ALMOXARIFE;SOLTEIRO(A);;
M;22;1573;ALMOXARIFE;SOLTEIRO(A);;
M;26;1649;ALMOXARIFE;SOLTEIRO(A);;
M;29;2139;ALMOXARIFE;CASADO(A);;
M;37;1202;ALMOXARIFE;SOLTEIRO(A);;
M;41;1106;ALMOXARIFE;SOLTEIRO(A);;
M;39;1016;ALMOXARIFE;SOLTEIRO(A);;
M;32;1008;ALMOXARIFE;SEPARADO(A) JUDICIALMENTE;;
M;30;1398;ALMOXARIFE;SOLTEIRO(A);;
M;48;1186;ALMOXARIFE;CASADO(A);;
M;29;1398;ALMOXARIFE;SOLTEIRO(A);;
M;35;1413;ALMOXARIFE;SOLTEIRO(A);;
M;35;6334;ANALISTA DE COMPLIANCE;SOLTEIRO(A);;
M;39;8044;ANALISTA DE COMPLIANCE;CASADO(A);;
M;46;13468;ANALISTA DE EXPORTAÇÃO E IMPORTAÇÃO;CASADO(A);;
M;46;11144;ANALISTA DE EXPORTAÇÃO E IMPORTAÇÃO;CASADO(A);;
M;42;3548;ANALISTA DE FOLHA DE PAGAMENTO;CASADO(A);;
F;31;2306;ANALISTA DE FOLHA DE PAGAMENTO;SEPARADO(A) JUDICIALMENTE;;
F;40;3674;ANALISTA DE FOLHA DE PAGAMENTO;CASADO(A);;
F;38;1791;ANALISTA DE FOLHA DE PAGAMENTO;CASADO(A);;
M;38;5323;ANALISTA DE FOLHA DE PAGAMENTO;SOLTEIRO(A);;
F;32;5829;ANALISTA DE FOLHA DE PAGAMENTO;CASADO(A);;
F;43;4310;ANALISTA DE FOLHA DE PAGAMENTO;SOLTEIRO(A);;
F;46;4310;ANALISTA DE FOLHA DE PAGAMENTO;OUTROS;;
M;38;2131;ANALISTA DE FOLHA DE PAGAMENTO;SOLTEIRO(A);;
M;41;5323;ANALISTA DE FOLHA DE PAGAMENTO;SOLTEIRO(A);;
M;39;3943;ANALISTA DE GESTÃO DE ESTOQUE;SOLTEIRO(A);;
M;39;3314;ANALISTA DE GESTÃO DE ESTOQUE;SOLTEIRO(A);;
M;34;4063;ANALISTA DE GESTÃO DE ESTOQUE;CASADO(A);;
M;47;3671;ANALISTA DE GESTÃO DE ESTOQUE;SOLTEIRO(A);;
M;28;3671;ANALISTA DE GESTÃO DE ESTOQUE;SOLTEIRO(A);;
M;39;3645;ANALISTA DE GESTÃO DE ESTOQUE;SOLTEIRO(A);;
M;27;3917;ANALISTA DE GESTÃO DE ESTOQUE;CASADO(A);;
M;34;3754;ANALISTA DE GESTÃO DE ESTOQUE;CASADO(A);;
M;28;3069;ANALISTA DE GESTÃO DE ESTOQUE;SOLTEIRO(A);;
M;42;4657;ANALISTA DE GESTÃO DE ESTOQUE;CASADO(A);;
M;40;4063;ANALISTA DE GESTÃO DE ESTOQUE;CASADO(A);;
M;39;2987;ANALISTA DE GESTÃO DE ESTOQUE;SOLTEIRO(A);;
M;31;3314;ANALISTA DE GESTÃO DE ESTOQUE;SOLTEIRO(A);;
M;39;3834;ANALISTA DE GESTÃO DE ESTOQUE;SOLTEIRO(A);;
F;28;4590;ANALISTA DE MÍDIAS SOCIAIS;SOLTEIRO(A);;
F;24;4619;ANALISTA DE MÍDIAS SOCIAIS;SOLTEIRO(A);;
M;34;4310;ANALISTA DE MÍDIAS SOCIAIS;SOLTEIRO(A);;
M;36;7422;ANALISTA DE NEGOCIOS;CASADO(A);;
M;51;9649;ANALISTA DE NEGOCIOS;CASADO(A);;
M;36;10629;ANALISTA DE NEGOCIOS;SOLTEIRO(A);;
M;31;6521;ANALISTA DE NEGOCIOS;CASADO(A);;
M;43;4628;ANALISTA DE NEGOCIOS;SOLTEIRO(A);;
M;36;8222;ANALISTA DE NEGOCIOS;CASADO(A);;
M;37;4777;ANALISTA DE NEGOCIOS;SOLTEIRO(A);;
M;51;3487;ANALISTA DE NEGOCIOS;CASADO(A);;
M;36;11775;ANALISTA DE NEGOCIOS;SOLTEIRO(A);;
M;35;4619;ANALISTA DE PLANEJAMENTO DE MANUTENCAO;OUTROS;;
M;32;3108;ANALISTA DE PLANEJAMENTO DE MANUTENCAO;SOLTEIRO(A);;
M;28;3856;ANALISTA DE PLANEJAMENTO DE MANUTENCAO;SOLTEIRO(A);;
M;43;3857;ANALISTA DE PLANEJAMENTO DE MANUTENCAO;CASADO(A);;
M;35;5974;ANALISTA DE PLANEJAMENTO DE MANUTENCAO;CASADO(A);;
F;30;2532;ANALISTA DE PLANEJAMENTO DE MANUTENCAO;SOLTEIRO(A);;
M;47;5147;ANALISTA DE PLANEJAMENTO DE MANUTENCAO;CASADO(A);;
M;39;3326;ANALISTA DE PLANEJAMENTO DE MANUTENCAO;SOLTEIRO(A);;
M;31;4623;ANALISTA DE PLANEJAMENTO DE MANUTENCAO;SOLTEIRO(A);;
F;30;2580;ANALISTA DE PLANEJAMENTO DE MANUTENCAO;SOLTEIRO(A);;
M;34;6883;ANALISTA DE PLANEJAMENTO DE MANUTENCAO;SOLTEIRO(A);;
M;34;3441;ANALISTA DE PLANEJAMENTO DE MANUTENCAO;CASADO(A);;
F;29;3080;ANALISTA DE PLANEJAMENTO DE MANUTENCAO;SOLTEIRO(A);;
M;47;6562;ANALISTA DE PLANEJAMENTO DE MANUTENCAO;CASADO(A);;
M;37;4310;ANALISTA DE PLANEJAMENTO DE MANUTENCAO;CASADO(A);;
M;32;6883;ANALISTA DE PLANEJAMENTO DE MANUTENCAO;CASADO(A);;
M;37;13643;ANALISTA DE PLANEJAMENTO DE MATERIAS;CASADO(A);;
F;46;4453;ANALISTA DE RECURSOS HUMANOS;CASADO(A);;
F;38;5593;ANALISTA DE RECURSOS HUMANOS;SOLTEIRO(A);;
F;37;6334;ANALISTA DE RECURSOS HUMANOS;SOLTEIRO(A);;
F;31;4956;ANALISTA DE RECURSOS HUMANOS;CASADO(A);;
F;34;4295;ANALISTA DE RECURSOS HUMANOS;SOLTEIRO(A);;
F;31;3216;ANALISTA DE RECURSOS HUMANOS;SOLTEIRO(A);;
F;38;7172;ANALISTA DE RECURSOS HUMANOS;SOLTEIRO(A);;
F;34;3966;ANALISTA DE RECURSOS HUMANOS;CASADO(A);;
F;34;4467;ANALISTA DE RECURSOS HUMANOS;SOLTEIRO(A);;
F;30;4956;ANALISTA DE RECURSOS HUMANOS;SOLTEIRO(A);;
F;34;2937;ANALISTA DE RECURSOS HUMANOS;SOLTEIRO(A);;
F;42;3043;ANALISTA DE RECURSOS HUMANOS;CASADO(A);;
F;34;3001;ANALISTA DE RECURSOS HUMANOS;SOLTEIRO(A);;
F;47;3584;ANALISTA DE RECURSOS HUMANOS;CASADO(A);;
M;34;4590;ANALISTA DE RECURSOS HUMANOS;SOLTEIRO(A);;
F;46;2937;ANALISTA DE RECURSOS HUMANOS;CASADO(A);;
M;41;6840;ANALISTA DE SISTEMA;CASADO(A);;
M;46;4223;ANALISTA DE SISTEMA;CASADO(A);;
M;54;6334;ANALISTA DE SISTEMA;CASADO(A);;
M;29;3372;ANALISTA DE SISTEMA;SOLTEIRO(A);;
M;52;4724;ANALISTA DE SISTEMA;CASADO(A);;
M;52;8066;ANALISTA DE SISTEMA;CASADO(A);;
M;52;8936;ANALISTA DE SISTEMA;CASADO(A);;
M;21;3080;ANALISTA DE SISTEMA;SOLTEIRO(A);;
M;36;2565;ANALISTA DE SISTEMA;SOLTEIRO(A);;
M;38;4914;ANALISTA DE SISTEMA;CASADO(A);;
M;40;2330;ANALISTA DE SISTEMA;SOLTEIRO(A);;
M;39;3622;ANALISTA DE SISTEMA;CASADO(A);;
M;54;6840;ANALISTA DE SISTEMA;CASADO(A);;
M;50;3304;ANALISTA DE SISTEMA;SOLTEIRO(A);;
F;43;4360;ANALISTA DE SISTEMA;CASADO(A);;
M;32;4590;ANALISTA DE SISTEMA;SOLTEIRO(A);;
M;38;5607;ANALISTA DE SISTEMA;CASADO(A);;
M;28;2091;ANALISTA DE SISTEMA;SOLTEIRO(A);;
M;33;2403;ANALISTA DE SISTEMA;SOLTEIRO(A);;
M;50;7114;ANALISTA DE SISTEMA;SOLTEIRO(A);;
M;40;4998;ANALISTA DE SISTEMA;SOLTEIRO(A);;
M;29;1760;ANALISTA DE SISTEMA;CASADO(A);;
M;35;5362;ANALISTA DE SUPORTE COMPUTACIO;SOLTEIRO(A);;
M;39;9812;ANOTADOR DE PRODUCAO;CASADO(A);;
F;37;3754;ASSISTENTE ADMINISTRATIVO;SOLTEIRO(A);;
M;26;1756;ASSISTENTE ADMINISTRATIVO;SOLTEIRO(A);;
M;33;3622;ASSISTENTE ADMINISTRATIVO;CASADO(A);;
M;23;2857;ASSISTENTE ADMINISTRATIVO;SOLTEIRO(A);;
F;31;2224;ASSISTENTE ADMINISTRATIVO;SOLTEIRO(A);;
M;41;3128;ASSISTENTE ADMINISTRATIVO;SOLTEIRO(A);;
F;31;2000;ASSISTENTE ADMINISTRATIVO;SOLTEIRO(A);;
M;20;2559;ASSISTENTE ADMINISTRATIVO;SOLTEIRO(A);;
M;26;2025;ASSISTENTE ADMINISTRATIVO;CASADO(A);;
F;43;3213;ASSISTENTE ADMINISTRATIVO;CASADO(A);;
F;37;2456;ASSISTENTE ADMINISTRATIVO;SOLTEIRO(A);;
F;34;1418;ASSISTENTE ADMINISTRATIVO;SOLTEIRO(A);;
M;74;1721;ASSISTENTE ADMINISTRATIVO;DESQUITADO(A);;
M;50;2419;ASSISTENTE ADMINISTRATIVO;CASADO(A);;
F;36;1969;ASSISTENTE ADMINISTRATIVO;SOLTEIRO(A);;
F;40;1567;ASSISTENTE ADMINISTRATIVO;SOLTEIRO(A);;
M;33;3293;ASSISTENTE ADMINISTRATIVO;CASADO(A);;
F;42;4235;ASSISTENTE ADMINISTRATIVO;SOLTEIRO(A);;
F;30;1749;ASSISTENTE ADMINISTRATIVO;SOLTEIRO(A);;
M;32;1981;ASSISTENTE ADMINISTRATIVO;SOLTEIRO(A);;
M;41;2401;ASSISTENTE ADMINISTRATIVO;SOLTEIRO(A);;
F;29;1711;ASSISTENTE ADMINISTRATIVO;SOLTEIRO(A);;
M;32;2734;ASSISTENTE ADMINISTRATIVO;CASADO(A);;
F;34;1907;ASSISTENTE ADMINISTRATIVO;SOLTEIRO(A);;
M;39;2603;ASSISTENTE ADMINISTRATIVO;CASADO(A);;
F;53;3060;ASSISTENTE ADMINISTRATIVO;OUTROS;;
F;25;3326;ASSISTENTE ADMINISTRATIVO;CASADO(A);;
M;38;1645;ASSISTENTE ADMINISTRATIVO;CASADO(A);;
M;27;4063;ASSISTENTE ADMINISTRATIVO;SOLTEIRO(A);;
F;41;2040;ASSISTENTE ADMINISTRATIVO;SOLTEIRO(A);;
F;44;2715;ASSISTENTE ADMINISTRATIVO;SEPARADO(A) JUDICIALMENTE;;
M;29;1542;ASSISTENTE ADMINISTRATIVO;SOLTEIRO(A);;
M;40;1693;ASSISTENTE ADMINISTRATIVO;CASADO(A);;
F;38;1742;ASSISTENTE ADMINISTRATIVO;SOLTEIRO(A);;
F;45;5160;ASSISTENTE ADMINISTRATIVO;DESQUITADO(A);;
F;33;2410;ASSISTENTE ADMINISTRATIVO;SOLTEIRO(A);;
F;29;3622;ASSISTENTE ADMINISTRATIVO;SOLTEIRO(A);;
F;40;2421;ASSISTENTE ADMINISTRATIVO;SOLTEIRO(A);;
F;21;2025;ASSISTENTE ADMINISTRATIVO;SOLTEIRO(A);;
F;21;2232;ASSISTENTE ADMINISTRATIVO;SOLTEIRO(A);;
F;34;1901;ASSISTENTE ADMINISTRATIVO;SOLTEIRO(A);;
F;34;5378;ASSISTENTE ADMINISTRATIVO;SOLTEIRO(A);;
F;22;2153;ASSISTENTE ADMINISTRATIVO;SOLTEIRO(A);;
F;41;2267;ASSISTENTE ADMINISTRATIVO;OUTROS;;
F;21;1971;ASSISTENTE ADMINISTRATIVO;SOLTEIRO(A);;
M;23;2660;ASSISTENTE ADMINISTRATIVO;CASADO(A);;
F;26;2273;ASSISTENTE ADMINISTRATIVO;SOLTEIRO(A);;
F;41;3707;ASSISTENTE ADMINISTRATIVO;SOLTEIRO(A);;
M;36;2329;ASSISTENTE ADMINISTRATIVO;SOLTEIRO(A);;
F;32;3424;ASSISTENTE ADMINISTRATIVO;SOLTEIRO(A);;
M;21;2491;ASSISTENTE ADMINISTRATIVO;SOLTEIRO(A);;
F;23;2145;ASSISTENTE ADMINISTRATIVO;SOLTEIRO(A);;
F;39;4223;ASSISTENTE ADMINISTRATIVO;CASADO(A);;
F;35;6778;ASSISTENTE ADMINISTRATIVO;CASADO(A);;
F;40;3857;ASSISTENTE ADMINISTRATIVO;SOLTEIRO(A);;
F;45;4590;ASSISTENTE ADMINISTRATIVO;SEPARADO(A) JUDICIALMENTE;;
F;35;7509;ASSISTENTE ADMINISTRATIVO;CASADO(A);;
F;38;2493;ASSISTENTE ADMINISTRATIVO;SOLTEIRO(A);;
F;42;1775;ASSISTENTE ADMINISTRATIVO;CASADO(A);;
F;47;1659;ASSISTENTE ADMINISTRATIVO;CASADO(A);;
F;54;2655;ASSISTENTE ADMINISTRATIVO;SOLTEIRO(A);;
F;36;1526;ASSISTENTE ADMINISTRATIVO;SOLTEIRO(A);;
M;74;1920;ASSISTENTE ADMINISTRATIVO;DESQUITADO(A);;
F;33;1495;ASSISTENTE ADMINISTRATIVO;SOLTEIRO(A);;
F;37;1939;ASSISTENTE ADMINISTRATIVO;CASADO(A);;
M;36;1929;ASSISTENTE ADMINISTRATIVO;CASADO(A);;
F;47;4100;ASSISTENTE ADMINISTRATIVO;SOLTEIRO(A);;
F;49;3446;ASSISTENTE ADMINISTRATIVO;SOLTEIRO(A);;
F;59;1775;ASSISTENTE ADMINISTRATIVO;CASADO(A);;
F;50;1312;ASSISTENTE ADMINISTRATIVO;SOLTEIRO(A);;
M;36;1682;ASSISTENTE ADMINISTRATIVO;SOLTEIRO(A);;
F;43;2062;ASSISTENTE ADMINISTRATIVO;SOLTEIRO(A);;
F;33;2239;ASSISTENTE ADMINISTRATIVO;SOLTEIRO(A);;
M;36;1863;ASSISTENTE ADMINISTRATIVO;SOLTEIRO(A);;
M;26;3671;ASSISTENTE ADMINISTRATIVO;SOLTEIRO(A);;
F;43;1397;ASSISTENTE ADMINISTRATIVO;SOLTEIRO(A);;
M;41;1010;ASSISTENTE ADMINISTRATIVO;SOLTEIRO(A);;
F;40;1480;ASSISTENTE ADMINISTRATIVO;SOLTEIRO(A);;
M;33;1291;ASSISTENTE ADMINISTRATIVO;SOLTEIRO(A);;
M;62;2321;ASSISTENTE ADMINISTRATIVO;SOLTEIRO(A);;
M;33;1621;ASSISTENTE ADMINISTRATIVO;SOLTEIRO(A);;
M;34;1494;ASSISTENTE ADMINISTRATIVO;SOLTEIRO(A);;
F;54;3448;ASSISTENTE ADMINISTRATIVO;SOLTEIRO(A);;
F;52;1439;ASSISTENTE ADMINISTRATIVO;SOLTEIRO(A);;
F;36;1628;ASSISTENTE ADMINISTRATIVO;SOLTEIRO(A);;
F;37;1398;ASSISTENTE ADMINISTRATIVO;SOLTEIRO(A);;
F;42;1792;ASSISTENTE ADMINISTRATIVO;CASADO(A);;
F;29;2603;ASSISTENTE ADMINISTRATIVO;CASADO(A);;
M;32;1493;ASSISTENTE ADMINISTRATIVO;SOLTEIRO(A);;
F;43;3232;ASSISTENTE ADMINISTRATIVO;OUTROS;;
F;37;2145;ASSISTENTE ADMINISTRATIVO;CASADO(A);;
F;25;1443;ASSISTENTE ADMINISTRATIVO;SOLTEIRO(A);;
F;36;1892;ASSISTENTE ADMINISTRATIVO;CASADO(A);;
M;34;4897;ASSISTENTE ADMINISTRATIVO;CASADO(A);;
F;32;1621;ASSISTENTE ADMINISTRATIVO;CASADO(A);;
F;41;2094;ASSISTENTE ADMINISTRATIVO;CASADO(A);;
F;43;3368;ASSISTENTE ADMINISTRATIVO;SOLTEIRO(A);;
M;37;1413;ASSISTENTE ADMINISTRATIVO;SOLTEIRO(A);;
M;29;2800;ASSISTENTE ADMINISTRATIVO;SOLTEIRO(A);;
F;28;2548;ASSISTENTE ADMINISTRATIVO;SOLTEIRO(A);;
M;51;3060;ASSISTENTE ADMINISTRATIVO;SOLTEIRO(A);;
F;26;3917;ASSISTENTE ADMINISTRATIVO;SOLTEIRO(A);;
F;55;1664;ASSISTENTE ADMINISTRATIVO;CASADO(A);;
F;45;3372;ASSISTENTE ADMINISTRATIVO;CASADO(A);;
F;39;1820;ASSISTENTE ADMINISTRATIVO;CASADO(A);;
F;32;2903;ASSISTENTE ADMINISTRATIVO;SOLTEIRO(A);;
M;47;3281;ASSISTENTE ADMINISTRATIVO;CASADO(A);;
M;35;2372;ASSISTENTE ADMINISTRATIVO;CASADO(A);;
M;40;2403;ASSISTENTE ADMINISTRATIVO;SOLTEIRO(A);;
F;30;2521;ASSISTENTE ADMINISTRATIVO;SOLTEIRO(A);;
M;32;3857;ASSISTENTE ADMINISTRATIVO;SOLTEIRO(A);;
M;26;3314;ASSISTENTE ADMINISTRATIVO;SOLTEIRO(A);;
M;26;2145;ASSISTENTE ADMINISTRATIVO;SOLTEIRO(A);;
M;40;3744;ASSISTENTE ADMINISTRATIVO;CASADO(A);;
M;24;2660;ASSISTENTE ADMINISTRATIVO;SOLTEIRO(A);;
M;23;2463;ASSISTENTE ADMINISTRATIVO;SOLTEIRO(A);;
M;33;1693;ASSISTENTE ADMINISTRATIVO;SOLTEIRO(A);;
M;28;3857;ASSISTENTE ADMINISTRATIVO;SOLTEIRO(A);;
F;34;5958;ASSISTENTE ADMINISTRATIVO;SOLTEIRO(A);;
M;27;2232;ASSISTENTE ADMINISTRATIVO;SOLTEIRO(A);;
F;24;2025;ASSISTENTE ADMINISTRATIVO;SOLTEIRO(A);;
F;33;2526;ASSISTENTE ADMINISTRATIVO;CASADO(A);;
M;21;2346;ASSISTENTE ADMINISTRATIVO;SOLTEIRO(A);;
M;34;1981;ASSISTENTE ADMINISTRATIVO;CASADO(A);;
F;42;2000;ASSISTENTE ADMINISTRATIVO;SOLTEIRO(A);;
F;47;1626;ASSISTENTE ADMINISTRATIVO;CASADO(A);;
F;56;1319;ASSISTENTE ADMINISTRATIVO;OUTROS;;
F;47;3969;ASSISTENTE ADMINISTRATIVO;SOLTEIRO(A);;
F;36;1567;ASSISTENTE ADMINISTRATIVO;SOLTEIRO(A);;
F;36;2219;ASSISTENTE ADMINISTRATIVO;CASADO(A);;
F;39;1202;ASSISTENTE ADMINISTRATIVO;SOLTEIRO(A);;
M;55;8022;ASSISTENTE ADMINISTRATIVO;CASADO(A);;
F;36;1418;ASSISTENTE ADMINISTRATIVO;CASADO(A);;
F;35;1261;ASSISTENTE ADMINISTRATIVO;SOLTEIRO(A);;
M;51;2085;ASSISTENTE ADMINISTRATIVO;SOLTEIRO(A);;
M;31;1312;ASSISTENTE ADMINISTRATIVO;SOLTEIRO(A);;
F;42;4223;ASSISTENTE ADMINISTRATIVO;SOLTEIRO(A);;
M;24;2643;ASSISTENTE ADMINISTRATIVO;CASADO(A);;
F;37;3000;ASSISTENTE ADMINISTRATIVO;SOLTEIRO(A);;
M;51;3128;ASSISTENTE ADMINISTRATIVO;SOLTEIRO(A);;
M;51;2824;ASSISTENTE ADMINISTRATIVO;SOLTEIRO(A);;
F;44;6783;ASSISTENTE ADMINISTRATIVO;CASADO(A);;
M;37;1659;ASSISTENTE ADMINISTRATIVO;CASADO(A);;
F;39;1394;ASSISTENTE ADMINISTRATIVO;SOLTEIRO(A);;
F;44;1924;ASSISTENTE ADMINISTRATIVO;SOLTEIRO(A);;
M;35;1309;ASSISTENTE ADMINISTRATIVO;SOLTEIRO(A);;
F;43;1565;ASSISTENTE ADMINISTRATIVO;SOLTEIRO(A);;
F;36;1421;ASSISTENTE ADMINISTRATIVO;SOLTEIRO(A);;
F;36;1649;ASSISTENTE ADMINISTRATIVO;CASADO(A);;
M;29;1825;ASSISTENTE ADMINISTRATIVO;SOLTEIRO(A);;
F;42;2349;ASSISTENTE ADMINISTRATIVO;CASADO(A);;
F;43;1430;ASSISTENTE ADMINISTRATIVO;SOLTEIRO(A);;
M;33;1843;ASSISTENTE ADMINISTRATIVO;SEPARADO(A) JUDICIALMENTE;;
F;43;2377;ASSISTENTE ADMINISTRATIVO;SOLTEIRO(A);;
F;32;2347;ASSISTENTE ADMINISTRATIVO;SOLTEIRO(A);;
F;31;1907;ASSISTENTE ADMINISTRATIVO;CASADO(A);;
F;21;3080;ASSISTENTE ADMINISTRATIVO;SOLTEIRO(A);;
F;31;3347;ASSISTENTE ADMINISTRATIVO;SOLTEIRO(A);;
M;36;2565;ASSISTENTE ADMINISTRATIVO;CASADO(A);;
F;41;3857;ASSISTENTE ADMINISTRATIVO;SOLTEIRO(A);;
M;39;1360;ASSISTENTE ADMINISTRATIVO;SOLTEIRO(A);;
M;30;1825;ASSISTENTE ADMINISTRATIVO;SOLTEIRO(A);;
M;35;2337;ASSISTENTE ADMINISTRATIVO;SEPARADO(A) JUDICIALMENTE;;
F;45;1898;ASSISTENTE ADMINISTRATIVO;CASADO(A);;
F;34;1664;ASSISTENTE ADMINISTRATIVO;OUTROS;;
F;35;2631;ASSISTENTE ADMINISTRATIVO;SOLTEIRO(A);;
F;43;2619;ASSISTENTE ADMINISTRATIVO;CASADO(A);;
F;24;2000;ASSISTENTE ADMINISTRATIVO;SOLTEIRO(A);;
F;33;2066;ASSISTENTE ADMINISTRATIVO;SEPARADO(A) JUDICIALMENTE;;
M;28;2511;ASSISTENTE ADMINISTRATIVO;SOLTEIRO(A);;
M;31;4590;ASSISTENTE ADMINISTRATIVO;SOLTEIRO(A);;
F;30;2252;ASSISTENTE ADMINISTRATIVO;SOLTEIRO(A);;
M;37;3795;ASSISTENTE ADMINISTRATIVO;OUTROS;;
F;40;3279;ASSISTENTE ADMINISTRATIVO;CASADO(A);;
M;42;4317;ASSISTENTE ADMINISTRATIVO;OUTROS;;
F;44;2599;ASSISTENTE ADMINISTRATIVO;SOLTEIRO(A);;
M;22;2025;ASSISTENTE ADMINISTRATIVO;SOLTEIRO(A);;
M;35;2217;ASSISTENTE ADMINISTRATIVO;SOLTEIRO(A);;
M;21;2463;ASSISTENTE ADMINISTRATIVO;SOLTEIRO(A);;
M;31;4053;ASSISTENTE ADMINISTRATIVO;SOLTEIRO(A);;
F;26;2720;ASSISTENTE ADMINISTRATIVO;SOLTEIRO(A);;
F;40;1693;ASSISTENTE ADMINISTRATIVO;OUTROS;;
M;25;2660;ASSISTENTE ADMINISTRATIVO;SOLTEIRO(A);;
F;24;2073;ASSISTENTE ADMINISTRATIVO;SOLTEIRO(A);;
M;20;1762;ASSISTENTE ADMINISTRATIVO;SOLTEIRO(A);;
F;44;7513;ASSISTENTE ADMINISTRATIVO;CASADO(A);;
F;49;1505;ASSISTENTE ADMINISTRATIVO;CASADO(A);;
F;46;2290;ASSISTENTE ADMINISTRATIVO;CASADO(A);;
F;39;1291;ASSISTENTE ADMINISTRATIVO;CASADO(A);;
M;53;2860;ASSISTENTE ADMINISTRATIVO;CASADO(A);;
F;45;1649;ASSISTENTE ADMINISTRATIVO;SOLTEIRO(A);;
M;46;5625;ASSISTENTE ADMINISTRATIVO;SEPARADO(A) JUDICIALMENTE;;
F;32;2040;ASSISTENTE ADMINISTRATIVO;SOLTEIRO(A);;
M;34;1435;ASSISTENTE ADMINISTRATIVO;SOLTEIRO(A);;
F;34;2120;ASSISTENTE ADMINISTRATIVO;SOLTEIRO(A);;
F;37;2128;ASSISTENTE ADMINISTRATIVO;CASADO(A);;
F;50;1565;ASSISTENTE ADMINISTRATIVO;CASADO(A);;
F;29;1562;ASSISTENTE ADMINISTRATIVO;SOLTEIRO(A);;
F;35;1630;ASSISTENTE ADMINISTRATIVO;CASADO(A);;
F;45;1736;ASSISTENTE ADMINISTRATIVO;SOLTEIRO(A);;
M;48;2449;ASSISTENTE ADMINISTRATIVO;CASADO(A);;
M;55;13727;ASSISTENTE ADMINISTRATIVO;CASADO(A);;
M;38;1391;ASSISTENTE ADMINISTRATIVO;SOLTEIRO(A);;
M;33;2926;ASSISTENTE ADMINISTRATIVO;SOLTEIRO(A);;
F;41;2857;ASSISTENTE ADMINISTRATIVO;SOLTEIRO(A);;
F;53;2355;ASSISTENTE ADMINISTRATIVO;CASADO(A);;
F;36;3631;ASSISTENTE ADMINISTRATIVO;CASADO(A);;
M;34;1737;ASSISTENTE ADMINISTRATIVO;SOLTEIRO(A);;
F;38;1576;ASSISTENTE ADMINISTRATIVO;SOLTEIRO(A);;
F;32;1293;ASSISTENTE ADMINISTRATIVO;SOLTEIRO(A);;
M;61;2280;ASSISTENTE ADMINISTRATIVO;CASADO(A);;
F;37;3227;ASSISTENTE ADMINISTRATIVO;SOLTEIRO(A);;
F;45;1666;ASSISTENTE ADMINISTRATIVO;CASADO(A);;
F;33;2364;ASSISTENTE ADMINISTRATIVO;OUTROS;;
F;34;3107;ASSISTENTE ADMINISTRATIVO;CASADO(A);;
M;40;1542;ASSISTENTE ADMINISTRATIVO;CASADO(A);;
M;41;1305;ASSISTENTE ADMINISTRATIVO;CASADO(A);;
M;28;2795;ASSISTENTE ADMINISTRATIVO;SOLTEIRO(A);;
F;40;2099;ASSISTENTE ADMINISTRATIVO;CASADO(A);;
M;27;1542;ASSISTENTE ADMINISTRATIVO;CASADO(A);;
M;28;1593;ASSISTENTE ADMINISTRATIVO;SOLTEIRO(A);;
F;35;3060;ASSISTENTE ADMINISTRATIVO;SOLTEIRO(A);;
F;35;2294;ASSISTENTE ADMINISTRATIVO;SOLTEIRO(A);;
F;45;2692;ASSISTENTE ADMINISTRATIVO;CASADO(A);;
F;36;2003;ASSISTENTE ADMINISTRATIVO;SOLTEIRO(A);;
F;36;1729;ASSISTENTE ADMINISTRATIVO;CASADO(A);;
F;42;2061;ASSISTENTE ADMINISTRATIVO;CASADO(A);;
M;29;1491;ASSISTENTE ADMINISTRATIVO;SOLTEIRO(A);;
F;42;2663;ASSISTENTE ADMINISTRATIVO;CASADO(A);;
F;29;1542;ASSISTENTE ADMINISTRATIVO;SOLTEIRO(A);;
F;37;1621;ASSISTENTE ADMINISTRATIVO;SOLTEIRO(A);;
M;40;3559;ASSISTENTE ADMINISTRATIVO;CASADO(A);;
F;27;2056;ASSISTENTE ADMINISTRATIVO;SOLTEIRO(A);;
M;35;1787;ASSISTENTE ADMINISTRATIVO;SOLTEIRO(A);;
F;31;3326;ASSISTENTE ADMINISTRATIVO;CASADO(A);;
F;44;2602;ASSISTENTE ADMINISTRATIVO;SOLTEIRO(A);;
F;42;2025;ASSISTENTE ADMINISTRATIVO;CASADO(A);;
M;24;1826;ASSISTENTE ADMINISTRATIVO;SOLTEIRO(A);;
M;35;2521;ASSISTENTE ADMINISTRATIVO;SOLTEIRO(A);;
F;38;2795;ASSISTENTE ADMINISTRATIVO;OUTROS;;
M;22;2857;ASSISTENTE ADMINISTRATIVO;SOLTEIRO(A);;
F;42;2796;ASSISTENTE DE VENDAS;SOLTEIRO(A);;
M;48;5505;ASSISTENTE DE VENDAS;CASADO(A);;
M;40;6992;ASSISTENTE DE VENDAS;SOLTEIRO(A);;
F;38;4605;ASSISTENTE DE VENDAS;CASADO(A);;
M;53;5181;ASSISTENTE DE VENDAS;OUTROS;;
M;53;4819;ASSISTENTE DE VENDAS;OUTROS;;
M;44;7854;AUDITOR (CONTADORES E AFINS);CASADO(A);;
F;33;2025;AUXILIAR DE CONTABILIDADE;SOLTEIRO(A);;
M;21;2025;AUXILIAR DE CONTABILIDADE;SOLTEIRO(A);;
M;22;1886;AUXILIAR DE CONTABILIDADE;CASADO(A);;
M;18;832;AUXILIAR DE ESCRITORIO;SOLTEIRO(A);SOLTEIRO(A);VERDADEIRO
M;18;704;AUXILIAR DE ESCRITORIO;SOLTEIRO(A);SOLTEIRO(A);VERDADEIRO
F;20;676;AUXILIAR DE ESCRITORIO;SOLTEIRO(A);SOLTEIRO(A);VERDADEIRO
F;34;900;EM GER;SOLTEIRO(A);;
M;16;809;AUXILIAR DE ESCRITORIO;SOLTEIRO(A);SOLTEIRO(A);VERDADEIRO
M;17;787;AUXILIAR DE ESCRITORIO;SOLTEIRO(A);SOLTEIRO(A);VERDADEIRO
F;17;787;AUXILIAR DE ESCRITORIO;SOLTEIRO(A);SOLTEIRO(A);VERDADEIRO
F;19;1650;EM GER;SOLTEIRO(A);;
F;36;900;EM GER;SOLTEIRO(A);;
M;36;900;EM GER;SOLTEIRO(A);;
M;37;900;EM GER;SOLTEIRO(A);;
M;47;2000;EM GER;SOLTEIRO(A);;
F;27;400;EM GER;SOLTEIRO(A);;
F;32;802;AUXILIAR DE ESCRITORIO;SOLTEIRO(A);SOLTEIRO(A);VERDADEIRO
M;37;1300;EM GER;SOLTEIRO(A);;
F;29;453;AUXILIAR DE ESCRITORIO;SOLTEIRO(A);SOLTEIRO(A);VERDADEIRO
M;35;1624;AUXILIAR DE ESCRITORIO;SOLTEIRO(A);SOLTEIRO(A);VERDADEIRO
M;33;1200;EM GER;SOLTEIRO(A);;
F;29;413;AUXILIAR DE ESCRITORIO;SOLTEIRO(A);SOLTEIRO(A);VERDADEIRO
F;33;802;AUXILIAR DE ESCRITORIO;SOLTEIRO(A);SOLTEIRO(A);VERDADEIRO
M;41;900;EM GER;SOLTEIRO(A);;
M;27;448;AUXILIAR DE ESCRITORIO;SOLTEIRO(A);SOLTEIRO(A);VERDADEIRO
M;30;900;EM GER;SOLTEIRO(A);;
M;37;1268;AUXILIAR DE ESCRITORIO;SOLTEIRO(A);SOLTEIRO(A);VERDADEIRO
F;35;900;EM GER;CASADO(A);;
M;25;498;AUXILIAR DE ESCRITORIO;SOLTEIRO(A);SOLTEIRO(A);VERDADEIRO
F;29;900;EM GER;SOLTEIRO(A);;
F;23;542;AUXILIAR DE ESCRITORIO;SOLTEIRO(A);SOLTEIRO(A);VERDADEIRO
M;22;530;AUXILIAR DE ESCRITORIO;SOLTEIRO(A);SOLTEIRO(A);VERDADEIRO
F;25;498;AUXILIAR DE ESCRITORIO;SOLTEIRO(A);SOLTEIRO(A);VERDADEIRO
F;24;542;AUXILIAR DE ESCRITORIO;SOLTEIRO(A);SOLTEIRO(A);VERDADEIRO
M;25;638;AUXILIAR DE ESCRITORIO;SOLTEIRO(A);SOLTEIRO(A);VERDADEIRO
M;21;604;AUXILIAR DE ESCRITORIO;SOLTEIRO(A);SOLTEIRO(A);VERDADEIRO
M;24;634;AUXILIAR DE ESCRITORIO;SOLTEIRO(A);SOLTEIRO(A);VERDADEIRO
M;30;1204;AUXILIAR DE ESCRITORIO;SOLTEIRO(A);SOLTEIRO(A);VERDADEIRO
M;28;900;EM GER;SOLTEIRO(A);;
M;33;900;EM GER;SOLTEIRO(A);;
M;39;900;EM GER;SOLTEIRO(A);;
F;26;440;AUXILIAR DE ESCRITORIO;SOLTEIRO(A);SOLTEIRO(A);VERDADEIRO
F;33;1173;AUXILIAR DE ESCRITORIO;SOLTEIRO(A);SOLTEIRO(A);VERDADEIRO
F;35;1324;AUXILIAR DE ESCRITORIO;CASADO(A);CASADO(A);VERDADEIRO
M;25;900;EM GER;SOLTEIRO(A);;
M;23;1723;AUXILIAR DE ESCRITORIO;SOLTEIRO(A);SOLTEIRO(A);VERDADEIRO
F;23;1352;AUXILIAR DE ESCRITORIO;SOLTEIRO(A);SOLTEIRO(A);VERDADEIRO
F;21;704;AUXILIAR DE ESCRITORIO;SOLTEIRO(A);SOLTEIRO(A);VERDADEIRO
F;22;727;AUXILIAR DE ESCRITORIO;SOLTEIRO(A);SOLTEIRO(A);VERDADEIRO
M;26;1826;AUXILIAR DE ESCRITORIO;SOLTEIRO(A);SOLTEIRO(A);VERDADEIRO
M;19;704;AUXILIAR DE ESCRITORIO;SOLTEIRO(A);SOLTEIRO(A);VERDADEIRO
M;19;732;AUXILIAR DE ESCRITORIO;SOLTEIRO(A);SOLTEIRO(A);VERDADEIRO
F;22;663;AUXILIAR DE ESCRITORIO;SOLTEIRO(A);SOLTEIRO(A);VERDADEIRO
F;19;720;AUXILIAR DE ESCRITORIO;SOLTEIRO(A);SOLTEIRO(A);VERDADEIRO
F;19;774;AUXILIAR DE ESCRITORIO;SOLTEIRO(A);SOLTEIRO(A);VERDADEIRO
M;19;1863;AUXILIAR DE ESCRITORIO;SOLTEIRO(A);SOLTEIRO(A);VERDADEIRO
F;20;1717;AUXILIAR DE ESCRITORIO;SOLTEIRO(A);SOLTEIRO(A);VERDADEIRO
M;16;800;AUXILIAR DE ESCRITORIO;SOLTEIRO(A);SOLTEIRO(A);VERDADEIRO
M;34;871;AUXILIAR DE ESCRITORIO;SOLTEIRO(A);SOLTEIRO(A);VERDADEIRO
F;37;900;EM GER;CASADO(A);;
F;44;802;AUXILIAR DE ESCRITORIO;CASADO(A);CASADO(A);VERDADEIRO
M;33;802;AUXILIAR DE ESCRITORIO;SOLTEIRO(A);SOLTEIRO(A);VERDADEIRO
M;25;453;AUXILIAR DE ESCRITORIO;SOLTEIRO(A);SOLTEIRO(A);VERDADEIRO
M;28;440;AUXILIAR DE ESCRITORIO;SOLTEIRO(A);SOLTEIRO(A);VERDADEIRO
F;34;1293;AUXILIAR DE ESCRITORIO;SOLTEIRO(A);SOLTEIRO(A);VERDADEIRO
M;33;900;EM GER;SOLTEIRO(A);;
M;27;1030;AUXILIAR DE ESCRITORIO;SOLTEIRO(A);SOLTEIRO(A);VERDADEIRO
M;19;803;AUXILIAR DE ESCRITORIO;SOLTEIRO(A);SOLTEIRO(A);VERDADEIRO
F;19;748;AUXILIAR DE ESCRITORIO;SOLTEIRO(A);SOLTEIRO(A);VERDADEIRO
F;20;704;AUXILIAR DE ESCRITORIO;SOLTEIRO(A);SOLTEIRO(A);VERDADEIRO
F;38;1640;AUXILIAR DE ESCRITORIO;CASADO(A);CASADO(A);VERDADEIRO
F;30;1650;EM GER;SOLTEIRO(A);;
F;23;1771;AUXILIAR DE ESCRITORIO;SOLTEIRO(A);SOLTEIRO(A);VERDADEIRO
M;18;787;AUXILIAR DE ESCRITORIO;SOLTEIRO(A);SOLTEIRO(A);VERDADEIRO
M;35;900;EM GER;SOLTEIRO(A);;
M;66;2000;EM GER;SOLTEIRO(A);;
F;52;1174;AUXILIAR DE ESCRITORIO;SOLTEIRO(A);CASADO(A);FALSO
M;26;448;AUXILIAR DE ESCRITORIO;SOLTEIRO(A);SOLTEIRO(A);VERDADEIRO
M;28;413;AUXILIAR DE ESCRITORIO;SOLTEIRO(A);SOLTEIRO(A);VERDADEIRO
F;52;1226;AUXILIAR DE ESCRITORIO;SEPARADO(A) JUDICIALMENTE;OUTROS;FALSO
M;27;900;EM GER;SOLTEIRO(A);;
F;37;1124;AUXILIAR DE ESCRITORIO;CASADO(A);CASADO(A);VERDADEIRO
M;40;1276;AUXILIAR DE ESCRITORIO;CASADO(A);CASADO(A);VERDADEIRO
F;23;658;AUXILIAR DE ESCRITORIO;SOLTEIRO(A);SOLTEIRO(A);VERDADEIRO
M;22;658;AUXILIAR DE ESCRITORIO;SOLTEIRO(A);SOLTEIRO(A);VERDADEIRO
F;23;629;AUXILIAR DE ESCRITORIO;SOLTEIRO(A);SOLTEIRO(A);VERDADEIRO
M;21;630;AUXILIAR DE ESCRITORIO;SOLTEIRO(A);SOLTEIRO(A);VERDADEIRO
M;24;1300;EM GER;SOLTEIRO(A);;
M;21;700;EM GER;SEPARADO(A) JUDICIALMENTE;;
F;34;802;EM GER;SOLTEIRO(A);;
M;31;900;EM GER;CASADO(A);;
M;34;1265;AUXILIAR DE ESCRITORIO;CASADO(A);CASADO(A);VERDADEIRO
F;31;900;EM GER;SOLTEIRO(A);;
F;28;900;EM GER;CASADO(A);;
F;24;571;AUXILIAR DE ESCRITORIO;SOLTEIRO(A);SOLTEIRO(A);VERDADEIRO
F;27;1300;EM GER;SOLTEIRO(A);;
M;24;900;EM GER;SOLTEIRO(A);;
F;24;553;AUXILIAR DE ESCRITORIO;SOLTEIRO(A);SOLTEIRO(A);VERDADEIRO
F;29;1554;AUXILIAR DE ESCRITORIO;SOLTEIRO(A);SOLTEIRO(A);VERDADEIRO
M;21;634;AUXILIAR DE ESCRITORIO;SOLTEIRO(A);SOLTEIRO(A);VERDADEIRO
M;20;692;AUXILIAR DE ESCRITORIO;SOLTEIRO(A);SOLTEIRO(A);VERDADEIRO
M;19;685;AUXILIAR DE ESCRITORIO;SOLTEIRO(A);SOLTEIRO(A);VERDADEIRO
M;23;1300;EM GER;SOLTEIRO(A);;
F;18;851;AUXILIAR DE ESCRITORIO;SOLTEIRO(A);SOLTEIRO(A);VERDADEIRO
F;20;1915;AUXILIAR DE ESCRITORIO;SOLTEIRO(A);SOLTEIRO(A);VERDADEIRO
M;17;761;AUXILIAR DE ESCRITORIO;SOLTEIRO(A);SOLTEIRO(A);VERDADEIRO
F;20;754;AUXILIAR DE ESCRITORIO;SOLTEIRO(A);SOLTEIRO(A);VERDADEIRO
F;21;604;AUXILIAR DE ESCRITORIO;SOLTEIRO(A);SOLTEIRO(A);VERDADEIRO
F;21;656;AUXILIAR DE ESCRITORIO;SOLTEIRO(A);SOLTEIRO(A);VERDADEIRO
M;22;704;AUXILIAR DE ESCRITORIO;SOLTEIRO(A);SOLTEIRO(A);VERDADEIRO
F;18;751;AUXILIAR DE ESCRITORIO;SOLTEIRO(A);SOLTEIRO(A);VERDADEIRO
M;27;1826;AUXILIAR DE ESCRITORIO;SEPARADO(A) JUDICIALMENTE;SEPARADO(A) JUDICIALMENTE;VERDADEIRO
M;15;851;AUXILIAR DE ESCRITORIO;SOLTEIRO(A);SOLTEIRO(A);VERDADEIRO
M;18;809;AUXILIAR DE ESCRITORIO;SOLTEIRO(A);SOLTEIRO(A);VERDADEIRO
F;16;800;AUXILIAR DE ESCRITORIO;SOLTEIRO(A);SOLTEIRO(A);VERDADEIRO
M;34;900;EM GER;SOLTEIRO(A);;
F;32;900;EM GER;SOLTEIRO(A);;
M;34;1200;EM GER;SOLTEIRO(A);;
M;39;1010;AUXILIAR DE ESCRITORIO;CASADO(A);CASADO(A);VERDADEIRO
F;33;900;EM GER;SOLTEIRO(A);;
F;36;802;AUXILIAR DE ESCRITORIO;SOLTEIRO(A);SOLTEIRO(A);VERDADEIRO
M;32;802;AUXILIAR DE ESCRITORIO;SOLTEIRO(A);SOLTEIRO(A);VERDADEIRO
F;36;900;EM GER;CASADO(A);;
M;27;440;AUXILIAR DE ESCRITORIO;SOLTEIRO(A);SOLTEIRO(A);VERDADEIRO
M;31;500;EM GER;SOLTEIRO(A);;
M;19;725;AUXILIAR DE ESCRITORIO;SOLTEIRO(A);SOLTEIRO(A);VERDADEIRO
M;57;910;AUXILIAR DE ESCRITORIO;SEPARADO(A) JUDICIALMENTE;SEPARADO(A) JUDICIALMENTE;VERDADEIRO
M;31;724;EM GER;CASADO(A);;
M;27;370;AUXILIAR DE ESCRITORIO;SOLTEIRO(A);SOLTEIRO(A);VERDADEIRO
F;35;865;AUXILIAR DE ESCRITORIO;CASADO(A);CASADO(A);VERDADEIRO
F;25;448;AUXILIAR DE ESCRITORIO;SOLTEIRO(A);SOLTEIRO(A);VERDADEIRO
F;25;453;AUXILIAR DE ESCRITORIO;SOLTEIRO(A);SOLTEIRO(A);VERDADEIRO
F;29;1012;AUXILIAR DE ESCRITORIO;CASADO(A);CASADO(A);VERDADEIRO
F;38;900;EM GER;SOLTEIRO(A);;
F;31;1352;AUXILIAR DE ESCRITORIO;SOLTEIRO(A);SOLTEIRO(A);VERDADEIRO
F;27;1090;AUXILIAR DE ESCRITORIO;SOLTEIRO(A);SOLTEIRO(A);VERDADEIRO
F;23;1223;AUXILIAR DE ESCRITORIO;SOLTEIRO(A);SOLTEIRO(A);VERDADEIRO
F;33;1463;AUXILIAR DE ESCRITORIO;SOLTEIRO(A);SOLTEIRO(A);VERDADEIRO
F;19;727;AUXILIAR DE ESCRITORIO;SOLTEIRO(A);SOLTEIRO(A);VERDADEIRO
F;33;1863;AUXILIAR DE ESCRITORIO;SOLTEIRO(A);SOLTEIRO(A);VERDADEIRO
M;19;770;AUXILIAR DE ESCRITORIO;SOLTEIRO(A);SOLTEIRO(A);VERDADEIRO
M;29;900;EM GER;SOLTEIRO(A);;
M;23;529;AUXILIAR DE ESCRITORIO;SOLTEIRO(A);SOLTEIRO(A);VERDADEIRO
F;28;900;EM GER;SOLTEIRO(A);;
F;23;900;EM GER;SOLTEIRO(A);;
F;21;611;AUXILIAR DE ESCRITORIO;SOLTEIRO(A);SOLTEIRO(A);VERDADEIRO
F;25;900;EM GER;SOLTEIRO(A);;
M;21;658;AUXILIAR DE ESCRITORIO;SOLTEIRO(A);SOLTEIRO(A);VERDADEIRO
M;21;900;EM GER;SOLTEIRO(A);;
F;22;634;AUXILIAR DE ESCRITORIO;SOLTEIRO(A);SOLTEIRO(A);VERDADEIRO
M;21;692;AUXILIAR DE ESCRITORIO;SOLTEIRO(A);SOLTEIRO(A);VERDADEIRO
F;22;751;AUXILIAR DE ESCRITORIO;SOLTEIRO(A);SOLTEIRO(A);VERDADEIRO
F;20;692;AUXILIAR DE ESCRITORIO;SOLTEIRO(A);SOLTEIRO(A);VERDADEIRO
F;21;1746;AUXILIAR DE ESCRITORIO;SOLTEIRO(A);SOLTEIRO(A);VERDADEIRO
M;26;1813;AUXILIAR DE ESCRITORIO;CASADO(A);CASADO(A);VERDADEIRO
M;19;704;AUXILIAR DE ESCRITORIO;SOLTEIRO(A);SOLTEIRO(A);VERDADEIRO
F;18;805;AUXILIAR DE ESCRITORIO;SOLTEIRO(A);SOLTEIRO(A);VERDADEIRO
M;26;900;EM GER;SOLTEIRO(A);;
M;24;1632;AUXILIAR DE ESCRITORIO;SOLTEIRO(A);SOLTEIRO(A);VERDADEIRO
M;21;704;AUXILIAR DE ESCRITORIO;SOLTEIRO(A);SOLTEIRO(A);VERDADEIRO
F;21;751;AUXILIAR DE ESCRITORIO;SOLTEIRO(A);SOLTEIRO(A);VERDADEIRO
F;19;851;AUXILIAR DE ESCRITORIO;SOLTEIRO(A);SOLTEIRO(A);VERDADEIRO
F;22;1518;EM GER;SOLTEIRO(A);;
M;21;754;AUXILIAR DE ESCRITORIO;SOLTEIRO(A);SOLTEIRO(A);VERDADEIRO
M;18;1236;AUXILIAR DE ESCRITORIO;SOLTEIRO(A);SOLTEIRO(A);VERDADEIRO
M;19;1813;AUXILIAR DE ESCRITORIO;SOLTEIRO(A);SOLTEIRO(A);VERDADEIRO
M;17;851;AUXILIAR DE ESCRITORIO;SOLTEIRO(A);SOLTEIRO(A);VERDADEIRO
F;24;1886;AUXILIAR DE ESCRITORIO;SOLTEIRO(A);SOLTEIRO(A);VERDADEIRO
M;27;1790;AUXILIAR DE ESCRITORIO;SOLTEIRO(A);SOLTEIRO(A);VERDADEIRO
M;31;1826;AUXILIAR DE ESCRITORIO;CASADO(A);CASADO(A);VERDADEIRO
M;20;1650;EM GER;CASADO(A);;
M;18;754;AUXILIAR DE ESCRITORIO;SOLTEIRO(A);SOLTEIRO(A);VERDADEIRO
F;20;809;AUXILIAR DE ESCRITORIO;SOLTEIRO(A);SOLTEIRO(A);VERDADEIRO
M;19;754;AUXILIAR DE ESCRITORIO;SOLTEIRO(A);SOLTEIRO(A);VERDADEIRO
F;20;1813;AUXILIAR DE ESCRITORIO;SOLTEIRO(A);SOLTEIRO(A);VERDADEIRO
F;29;424;EM GER;SOLTEIRO(A);;
F;44;1010;AUXILIAR DE ESCRITORIO;CASADO(A);CASADO(A);VERDADEIRO
M;36;2000;EM GER;SOLTEIRO(A);;
M;27;413;AUXILIAR DE ESCRITORIO;SOLTEIRO(A);SOLTEIRO(A);VERDADEIRO
M;39;1163;AUXILIAR DE ESCRITORIO;SOLTEIRO(A);SOLTEIRO(A);VERDADEIRO
F;35;802;EM GER;SOLTEIRO(A);;
M;27;519;AUXILIAR DE ESCRITORIO;SOLTEIRO(A);SOLTEIRO(A);VERDADEIRO
F;26;448;AUXILIAR DE ESCRITORIO;SOLTEIRO(A);SOLTEIRO(A);VERDADEIRO
M;26;476;AUXILIAR DE ESCRITORIO;SOLTEIRO(A);SOLTEIRO(A);VERDADEIRO
F;25;519;AUXILIAR DE ESCRITORIO;SOLTEIRO(A);SOLTEIRO(A);VERDADEIRO
F;30;900;EM GER;SOLTEIRO(A);;
F;24;498;AUXILIAR DE ESCRITORIO;SOLTEIRO(A);SOLTEIRO(A);VERDADEIRO
F;33;1303;AUXILIAR DE ESCRITORIO;OUTROS;OUTROS;VERDADEIRO
F;38;1554;AUXILIAR DE ESCRITORIO;CASADO(A);CASADO(A);VERDADEIRO
F;35;900;EM GER;SOLTEIRO(A);;
F;21;629;AUXILIAR DE ESCRITORIO;SOLTEIRO(A);SOLTEIRO(A);VERDADEIRO
F;27;900;EM GER;SOLTEIRO(A);;
F;23;604;AUXILIAR DE ESCRITORIO;SOLTEIRO(A);SOLTEIRO(A);VERDADEIRO
M;22;614;AUXILIAR DE ESCRITORIO;SOLTEIRO(A);SOLTEIRO(A);VERDADEIRO
M;21;677;AUXILIAR DE ESCRITORIO;SOLTEIRO(A);SOLTEIRO(A);VERDADEIRO
M;22;553;AUXILIAR DE ESCRITORIO;SOLTEIRO(A);SOLTEIRO(A);VERDADEIRO
F;21;658;AUXILIAR DE ESCRITORIO;SOLTEIRO(A);SOLTEIRO(A);VERDADEIRO
F;22;569;AUXILIAR DE ESCRITORIO;SOLTEIRO(A);SOLTEIRO(A);VERDADEIRO
M;23;553;AUXILIAR DE ESCRITORIO;SOLTEIRO(A);SOLTEIRO(A);VERDADEIRO
F;22;519;AUXILIAR DE ESCRITORIO;SOLTEIRO(A);SOLTEIRO(A);VERDADEIRO
M;35;1389;AUXILIAR DE ESCRITORIO;SOLTEIRO(A);SOLTEIRO(A);VERDADEIRO
M;24;1800;AUXILIAR DE ESCRITORIO;SOLTEIRO(A);SOLTEIRO(A);VERDADEIRO
F;24;900;EM GER;SOLTEIRO(A);;
F;23;1674;AUXILIAR DE ESCRITORIO;SOLTEIRO(A);SOLTEIRO(A);VERDADEIRO
M;19;1757;AUXILIAR DE ESCRITORIO;SOLTEIRO(A);SOLTEIRO(A);VERDADEIRO
M;16;851;AUXILIAR DE ESCRITORIO;SOLTEIRO(A);SOLTEIRO(A);VERDADEIRO
F;21;1611;AUXILIAR DE ESCRITORIO;SOLTEIRO(A);SOLTEIRO(A);VERDADEIRO
F;18;774;AUXILIAR DE ESCRITORIO;SOLTEIRO(A);SOLTEIRO(A);VERDADEIRO
M;17;769;AUXILIAR DE ESCRITORIO;SOLTEIRO(A);SOLTEIRO(A);VERDADEIRO
M;17;832;AUXILIAR DE ESCRITORIO;SOLTEIRO(A);SOLTEIRO(A);VERDADEIRO
F;20;774;AUXILIAR DE ESCRITORIO;SOLTEIRO(A);SOLTEIRO(A);VERDADEIRO
M;18;748;AUXILIAR DE ESCRITORIO;SOLTEIRO(A);SOLTEIRO(A);VERDADEIRO
F;23;1886;AUXILIAR DE ESCRITORIO;SOLTEIRO(A);SOLTEIRO(A);VERDADEIRO
M;32;900;EM GER;SOLTEIRO(A);;
F;27;1591;AUXILIAR DE ESCRITORIO;SEPARADO(A) JUDICIALMENTE;SEPARADO(A) JUDICIALMENTE;VERDADEIRO
F;20;714;AUXILIAR DE ESCRITORIO;SOLTEIRO(A);SOLTEIRO(A);VERDADEIRO
M;19;683;AUXILIAR DE ESCRITORIO;SOLTEIRO(A);SOLTEIRO(A);VERDADEIRO
M;18;1621;EM GER;SOLTEIRO(A);;
F;18;800;AUXILIAR DE ESCRITORIO;SOLTEIRO(A);SOLTEIRO(A);VERDADEIRO
F;18;1746;AUXILIAR DE ESCRITORIO;SOLTEIRO(A);SOLTEIRO(A);VERDADEIRO
F;20;803;AUXILIAR DE ESCRITORIO;SOLTEIRO(A);SOLTEIRO(A);VERDADEIRO
M;19;1746;AUXILIAR DE ESCRITORIO;SOLTEIRO(A);SOLTEIRO(A);VERDADEIRO
F;17;777;AUXILIAR DE ESCRITORIO;SOLTEIRO(A);SOLTEIRO(A);VERDADEIRO
M;18;720;AUXILIAR DE ESCRITORIO;SOLTEIRO(A);SOLTEIRO(A);VERDADEIRO
M;28;1971;AUXILIAR DE LINHA DE PRODUCAO;CASADO(A);;
M;22;1960;AUXILIAR DE LINHA DE PRODUCAO;CASADO(A);;
M;24;1960;AUXILIAR DE LINHA DE PRODUCAO;CASADO(A);;
M;31;1863;AUXILIAR DE LINHA DE PRODUCAO;SOLTEIRO(A);;
M;22;2333;AUXILIAR DE LINHA DE PRODUCAO;SOLTEIRO(A);;
M;25;1960;AUXILIAR DE LINHA DE PRODUCAO;SOLTEIRO(A);;
M;32;1863;AUXILIAR DE LINHA DE PRODUCAO;SOLTEIRO(A);;
M;19;792;AUXILIAR DE LOGISTICA;SOLTEIRO(A);;
F;23;521;AUXILIAR DE LOGISTICA;SOLTEIRO(A);;
M;21;630;AUXILIAR DE LOGISTICA;SOLTEIRO(A);;
M;16;851;AUXILIAR DE LOGISTICA;SOLTEIRO(A);;
M;65;1176;AUXILIAR DE MANUTENCAO PREDIAL;CASADO(A);;
M;44;940;AUXILIAR DE MANUTENCAO PREDIAL;CASADO(A);;
M;32;1181;AUXILIAR DE MANUTENCAO PREDIAL;SOLTEIRO(A);;
M;46;1869;AUXILIAR DE MANUTENCAO PREDIAL;CASADO(A);;
M;61;1013;AUXILIAR DE MANUTENCAO PREDIAL;CASADO(A);;
M;34;871;AUXILIAR DE MANUTENCAO PREDIAL;SOLTEIRO(A);;
F;60;1869;AUXILIAR DE MANUTENCAO PREDIAL;CASADO(A);;
F;60;2070;AUXILIAR DE MANUTENCAO PREDIAL;CASADO(A);;
M;32;871;AUXILIAR DE MANUTENCAO PREDIAL;SOLTEIRO(A);;
F;26;2238;AUXILIAR DE SERVIÇOS JURÍDICOS;SOLTEIRO(A);;
F;25;2338;AUXILIAR DE SERVIÇOS JURÍDICOS;SOLTEIRO(A);;
F;32;2602;AUXILIAR DE SETOR DE PESSOAL;SOLTEIRO(A);;
F;30;2624;AUXILIAR DE SETOR DE PESSOAL;SOLTEIRO(A);;
M;38;1686;AUXILIAR DE SETOR DE PESSOAL;SOLTEIRO(A);;
M;20;2025;AUXILIAR DE SETOR DE PESSOAL;SOLTEIRO(A);;
M;40;5948;COMPRADOR;CASADO(A);;
M;49;3179;COMPRADOR;CASADO(A);;
M;39;4958;COMPRADOR;SOLTEIRO(A);;
M;48;3107;COMPRADOR;CASADO(A);;
M;37;5323;COMPRADOR;SOLTEIRO(A);;
M;40;3400;COMPRADOR;SOLTEIRO(A);;
M;42;6334;COMPRADOR;CASADO(A);;
M;39;6113;COMPRADOR;SOLTEIRO(A);;
M;39;3774;COMPRADOR;CASADO(A);;
M;63;1951;COMPRADOR;CASADO(A);;
M;42;4216;COMPRADOR;CASADO(A);;
F;22;2267;CONFERENTE DE CARGA E DESCARGA;SOLTEIRO(A);;
M;27;2034;CONFERENTE DE CARGA E DESCARGA;SOLTEIRO(A);;
M;30;1688;CONFERENTE DE CARGA E DESCARGA;SOLTEIRO(A);;
M;23;2037;CONFERENTE DE CARGA E DESCARGA;SOLTEIRO(A);;
M;31;2643;CONFERENTE DE CARGA E DESCARGA;CASADO(A);;
M;65;1202;CONFERENTE DE CARGA E DESCARGA;SOLTEIRO(A);;
F;33;1718;CONFERENTE DE CARGA E DESCARGA;CASADO(A);;
M;32;2195;CONFERENTE DE CARGA E DESCARGA;OUTROS;;
M;32;1814;CONFERENTE DE CARGA E DESCARGA;SOLTEIRO(A);;
M;25;2175;CONFERENTE DE CARGA E DESCARGA;SOLTEIRO(A);;
M;23;2038;CONFERENTE DE CARGA E DESCARGA;SOLTEIRO(A);;
M;43;2552;CONFERENTE DE CARGA E DESCARGA;CASADO(A);;
M;21;2510;CONFERENTE DE CARGA E DESCARGA;SOLTEIRO(A);;
M;32;2824;CONFERENTE MERC (EXCETO CARGA E DESC;SOLTEIRO(A);;
M;28;1979;CONFERENTE MERC (EXCETO CARGA E DESC;SOLTEIRO(A);;
M;36;2720;CONFERENTE MERC (EXCETO CARGA E DESC;SOLTEIRO(A);;
M;32;2971;CONFERENTE MERC (EXCETO CARGA E DESC;SOLTEIRO(A);;
M;26;2346;CONFERENTE MERC (EXCETO CARGA E DESC;SOLTEIRO(A);;
M;30;2447;CONFERENTE MERC (EXCETO CARGA E DESC;SOLTEIRO(A);;
M;27;2267;CONFERENTE MERC (EXCETO CARGA E DESC;SOLTEIRO(A);;
M;23;2294;CONFERENTE MERC (EXCETO CARGA E DESC;SEPARADO(A) JUDICIALMENTE;;
M;21;2046;CONFERENTE MERC (EXCETO CARGA E DESC;SOLTEIRO(A);;
M;24;2224;CONFERENTE MERC (EXCETO CARGA E DESC;SOLTEIRO(A);;
M;22;2046;CONFERENTE MERC (EXCETO CARGA E DESC;SOLTEIRO(A);;
M;35;2346;CONFERENTE MERC (EXCETO CARGA E DESC;CASADO(A);;
M;36;3128;CONFERENTE MERC (EXCETO CARGA E DESC;CASADO(A);;
M;24;2971;CONFERENTE MERC (EXCETO CARGA E DESC;SOLTEIRO(A);;
M;21;2463;CONFERENTE MERC (EXCETO CARGA E DESC;SOLTEIRO(A);;
M;27;2447;CONFERENTE MERC (EXCETO CARGA E DESC;SOLTEIRO(A);;
M;27;2971;CONFERENTE MERC (EXCETO CARGA E DESC;SOLTEIRO(A);;
M;27;2230;CONFERENTE MERC (EXCETO CARGA E DESC;SOLTEIRO(A);;
M;21;1953;CONFERENTE MERC (EXCETO CARGA E DESC;SOLTEIRO(A);;
M;40;2224;CONFERENTE MERC (EXCETO CARGA E DESC;SOLTEIRO(A);;
M;42;2224;CONFERENTE MERC (EXCETO CARGA E DESC;SEPARADO(A) JUDICIALMENTE;;
M;44;2760;CONFERENTE MERC (EXCETO CARGA E DESC;SOLTEIRO(A);;
M;25;2078;CONFERENTE MERC (EXCETO CARGA E DESC;SOLTEIRO(A);;
M;26;2057;CONFERENTE MERC (EXCETO CARGA E DESC;SOLTEIRO(A);;
M;31;2324;CONFERENTE MERC (EXCETO CARGA E DESC;CASADO(A);;
M;39;2540;CONFERENTE MERC (EXCETO CARGA E DESC;CASADO(A);;
M;27;2823;CONFERENTE MERC (EXCETO CARGA E DESC;SOLTEIRO(A);;
M;39;1513;CONFERENTE MERC (EXCETO CARGA E DESC;SOLTEIRO(A);;
M;25;2447;CONFERENTE MERC (EXCETO CARGA E DESC;SOLTEIRO(A);;
M;32;3128;CONFERENTE MERC (EXCETO CARGA E DESC;SOLTEIRO(A);;
M;24;2267;CONFERENTE MERC (EXCETO CARGA E DESC;SOLTEIRO(A);;
M;21;2184;CONFERENTE MERC (EXCETO CARGA E DESC;SOLTEIRO(A);;
M;26;2078;CONFERENTE MERC (EXCETO CARGA E DESC;SOLTEIRO(A);;
M;21;2267;CONFERENTE MERC (EXCETO CARGA E DESC;SOLTEIRO(A);;
M;47;2824;CONFERENTE MERC (EXCETO CARGA E DESC;SOLTEIRO(A);;
M;24;2339;CONFERENTE MERC (EXCETO CARGA E DESC;SOLTEIRO(A);;
M;38;2447;CONFERENTE MERC (EXCETO CARGA E DESC;CASADO(A);;
M;36;2824;CONFERENTE MERC (EXCETO CARGA E DESC;CASADO(A);;
M;24;2824;CONFERENTE MERC (EXCETO CARGA E DESC;SOLTEIRO(A);;
M;41;2267;CONFERENTE MERC (EXCETO CARGA E DESC;SOLTEIRO(A);;
M;32;2212;CONFERENTE MERC (EXCETO CARGA E DESC;SOLTEIRO(A);;
M;24;2153;CONFERENTE MERC (EXCETO CARGA E DESC;CASADO(A);;
M;37;1910;CONTADOR;SOLTEIRO(A);;
F;37;3522;CONTADOR;SOLTEIRO(A);;
M;34;2809;CONTADOR;SOLTEIRO(A);;
F;37;7346;CONTADOR;SOLTEIRO(A);;
M;25;3857;CONTADOR;CASADO(A);;
F;44;2355;CONTADOR;CASADO(A);;
F;35;2565;CONTADOR;CASADO(A);;
M;40;2565;CONTADOR;SOLTEIRO(A);;
F;44;6495;CONTADOR;CASADO(A);;
M;28;3574;CONTADOR;SOLTEIRO(A);;
M;40;3571;CONTADOR;SOLTEIRO(A);;
F;33;2145;CONTADOR;SOLTEIRO(A);;
F;40;7346;CONTADOR;SOLTEIRO(A);;
F;64;2107;CONTADOR;SOLTEIRO(A);;
M;41;1924;CONTADOR;SOLTEIRO(A);;
M;35;1929;CONTADOR;SOLTEIRO(A);;
M;38;2809;CONTADOR;SOLTEIRO(A);;
F;46;5085;CONTADOR;SOLTEIRO(A);;
M;36;2501;CONTADOR;SOLTEIRO(A);;
M;59;17347;CONTADOR;CASADO(A);;
M;33;2739;CONTADOR;SOLTEIRO(A);;
F;35;3857;CONTADOR;CASADO(A);;
F;34;4654;CONTADOR;CASADO(A);;
F;30;3857;CONTADOR;CASADO(A);;
M;31;5323;CONTADOR;CASADO(A);;
M;37;1924;CONTADOR;SOLTEIRO(A);;
M;35;2565;CONTADOR;SOLTEIRO(A);;
F;26;4223;CONTADOR;SOLTEIRO(A);;
F;39;2238;CONTADOR;SOLTEIRO(A);;
F;37;3664;CONTADOR;SOLTEIRO(A);;
F;32;1969;CONTADOR;SOLTEIRO(A);;
F;46;2322;CONTADOR;SOLTEIRO(A);;
F;40;2565;CONTADOR;SOLTEIRO(A);;
F;50;2795;CONTADOR;DESQUITADO(A);;
F;64;2494;CONTADOR;SOLTEIRO(A);;
F;41;5428;CONTADOR;SOLTEIRO(A);;
F;37;8716;CONTADOR;SOLTEIRO(A);;
F;26;3857;CONTADOR;SOLTEIRO(A);;
M;47;5881;CONTADOR;SOLTEIRO(A);;
M;55;2258;CONTADOR;CASADO(A);;
M;30;7346;CONTADOR;CASADO(A);;
F;43;3004;CONTADOR;CASADO(A);;
M;34;5323;CONTADOR;SOLTEIRO(A);;
F;52;5104;CONTADOR;SOLTEIRO(A);;
M;45;3856;CONTROLADOR DE SERV DE MAQ E V;CASADO(A);;
M;24;3080;CONTROLADOR DE SERV DE MAQ E V;SOLTEIRO(A);;
M;37;2249;CONTROLADOR DE SERV DE MAQ E V;CASADO(A);;
M;45;2575;CONTROLADOR DE SERV DE MAQ E V;SEPARADO(A) JUDICIALMENTE;;
M;45;2330;CONTROLADOR DE SERV DE MAQ E V;SEPARADO(A) JUDICIALMENTE;;
M;44;4540;CONTROLADOR DE SERV DE MAQ E V;OUTROS;;
M;41;2217;CONTROLADOR DE SERV DE MAQ E V;CASADO(A);;
M;56;4174;CONTROLADOR DE SERV DE MAQ E V;OUTROS;;
M;46;4088;CONTROLADOR DE SERV DE MAQ E V;CASADO(A);;
M;35;2330;CONTROLADOR DE SERV DE MAQ E V;CASADO(A);;
M;34;3051;CONTROLADOR DE SERV DE MAQ E V;CASADO(A);;
M;45;1929;CONTROLADOR DE SERV DE MAQ E V;CASADO(A);;
M;41;2663;CONTROLADOR DE SERV DE MAQ E V;CASADO(A);;
M;50;2815;CONTROLADOR DE SERV DE MAQ E V;OUTROS;;
M;37;2491;CONTROLADOR DE SERV DE MAQ E V;CASADO(A);;
M;46;2977;CONTROLADOR DE SERV DE MAQ E V;CASADO(A);;
M;38;2083;CONTROLADOR DE SERV DE MAQ E V;SOLTEIRO(A);;
M;38;1956;CONTROLADOR DE SERV DE MAQ E V;SOLTEIRO(A);;
M;40;3881;CONTROLADOR DE SERV DE MAQ E V;OUTROS;;
M;55;3400;CONTROLADOR DE SERV DE MAQ E V;CASADO(A);;
M;55;3069;CONTROLADOR DE SERV DE MAQ E V;CASADO(A);;
M;35;4988;CONTROLADOR DE SERV DE MAQ E V;CASADO(A);;
M;32;2404;CONTROLADOR DE SERV DE MAQ E V;SOLTEIRO(A);;
M;32;2384;CONTROLADOR DE SERV DE MAQ E V;SOLTEIRO(A);;
M;24;3080;CONTROLADOR DE SERV DE MAQ E V;SOLTEIRO(A);;
M;39;2571;CONTROLADOR DE SERV DE MAQ E V;SOLTEIRO(A);;
M;37;6840;DESENHISTA INDUSTRIAL GRÁFICO (DESIGNER;SOLTEIRO(A);;
M;41;5144;DESENHISTA INDUSTRIAL GRÁFICO (DESIGNER;CASADO(A);;
M;29;5866;DESENHISTA INDUSTRIAL GRÁFICO (DESIGNER;SOLTEIRO(A);;
M;34;4088;DESENHISTA PROJETISTA DE ELETR;CASADO(A);;
M;26;2816;DESENHISTA PROJETISTA DE ELETR;CASADO(A);;
M;42;1494;DESENHISTA PROJETISTA DE ELETR;CASADO(A);;
F;23;3400;DESENHISTA PROJETISTA DE ELETR;SOLTEIRO(A);;
M;32;3878;DESENHISTA PROJETISTA DE ELETR;SOLTEIRO(A);;
M;35;1494;DESENHISTA PROJETISTA DE ELETR;SOLTEIRO(A);;
M;30;2681;DESENHISTA PROJETISTA DE ELETR;SOLTEIRO(A);;
M;25;2824;DESENHISTA PROJETISTA DE ELETR;SOLTEIRO(A);;
F;33;1821;DESENHISTA PROJETISTA DE ELETR;CASADO(A);;
M;24;5152;DESENHISTA PROJETISTA DE ELETR;SOLTEIRO(A);;
M;29;3698;DESENHISTA PROJETISTA DE ELETR;SOLTEIRO(A);;
M;32;3423;DESENHISTA PROJETISTA DE ELETR;SOLTEIRO(A);;
M;37;2134;DESENHISTA PROJETISTA DE ELETR;OUTROS;;
M;24;3733;DESENHISTA PROJETISTA DE ELETR;SOLTEIRO(A);;
M;36;1207;DESENHISTA PROJETISTA DE ELETR;SOLTEIRO(A);;
F;24;3671;DESENHISTA PROJETISTA DE ELETR;SOLTEIRO(A);;
F;28;3476;DESENHISTA PROJETISTA DE ELETR;SOLTEIRO(A);;
F;30;2957;DESENHISTA PROJETISTA DE ELETR;SOLTEIRO(A);;
M;34;1542;DESENHISTA PROJETISTA DE ELETR;CASADO(A);;
M;53;10324;DIRETOR DE OPERACOES COMERCIAI;CASADO(A);;
F;49;20754;DIRETOR DE OPERACOES COMERCIAI;CASADO(A);;
M;38;2234;ELETRICISTA DE MANUTENCAO;CASADO(A);CASADO(A);VERDADEIRO
M;37;3406;ELETROTECNICO;SEPARADO(A) JUDICIALMENTE;;
M;40;2086;ELETROTECNICO;CASADO(A);;
M;24;2703;ELETROTECNICO;CASADO(A);;
M;32;2703;ELETROTECNICO;SEPARADO(A) JUDICIALMENTE;;
M;24;2317;ELETROTECNICO;CASADO(A);;
M;42;1731;ELETROTECNICO;CASADO(A);;
M;34;2877;ELETROTECNICO;CASADO(A);;
M;30;2836;ELETROTECNICO;SOLTEIRO(A);;
M;39;2997;ELETROTECNICO;SOLTEIRO(A);;
M;44;1158;ELETROTECNICO;SOLTEIRO(A);;
M;54;1436;ELETROTECNICO;SOLTEIRO(A);;
M;39;1545;ELETROTECNICO;SOLTEIRO(A);;
M;44;1073;ELETROTECNICO;SOLTEIRO(A);;
M;40;4002;ELETROTECNICO;CASADO(A);;
M;26;4532;ELETROTECNICO;SOLTEIRO(A);;
M;26;2572;ELETROTECNICO;SOLTEIRO(A);;
M;43;3254;ELETROTECNICO;SEPARADO(A) JUDICIALMENTE;;
M;41;4033;ELETROTECNICO;SEPARADO(A) JUDICIALMENTE;;
M;36;3773;ELETROTECNICO;CASADO(A);;
M;44;6983;ELETROTECNICO;SOLTEIRO(A);;
M;31;1298;ELETROTECNICO;SOLTEIRO(A);;
M;38;4328;ELETROTECNICO;CASADO(A);;
M;42;3406;ELETROTECNICO;CASADO(A);;
M;42;2280;ELETROTECNICO;CASADO(A);;
M;42;4532;ELETROTECNICO;CASADO(A);;
M;48;2465;ELETROTECNICO;CASADO(A);;
M;35;3449;ELETROTECNICO;SOLTEIRO(A);;
M;42;3878;ELETROTECNICO;CASADO(A);;
M;24;2682;ELETROTECNICO;SOLTEIRO(A);;
M;46;2995;ELETROTECNICO;CASADO(A);;
M;22;2560;ELETROTECNICO;SOLTEIRO(A);;
M;41;2560;ELETROTECNICO;SEPARADO(A) JUDICIALMENTE;;
M;31;2877;ELETROTECNICO;SEPARADO(A) JUDICIALMENTE;;
M;35;4006;ELETROTECNICO;CASADO(A);;
M;37;3194;ELETROTECNICO;SOLTEIRO(A);;
M;29;2775;ELETROTECNICO;SOLTEIRO(A);;
M;47;2894;ELETROTECNICO;OUTROS;;
M;34;2326;ELETROTECNICO;SEPARADO(A) JUDICIALMENTE;;
M;47;3493;ELETROTECNICO;CASADO(A);;
M;27;2995;ELETROTECNICO;SOLTEIRO(A);;
M;36;1731;ELETROTECNICO;SOLTEIRO(A);;
M;49;5405;ELETROTECNICO;CASADO(A);;
M;37;1704;ELETROTECNICO;SOLTEIRO(A);;
M;50;3933;ELETROTECNICO;CASADO(A);;
M;51;3972;ELETROTECNICO;CASADO(A);;
M;41;4881;ELETROTECNICO;CASADO(A);;
M;36;1971;ELETROTECNICO;SOLTEIRO(A);;
M;43;3955;ELETROTECNICO;SOLTEIRO(A);;
M;30;1554;ELETROTECNICO;CASADO(A);;
M;32;3194;ELETROTECNICO;CASADO(A);;
M;40;3385;ELETROTECNICO;OUTROS;;
M;21;2995;ELETROTECNICO;SOLTEIRO(A);;
M;49;5987;ELETROTECNICO;CASADO(A);;
M;43;3786;ELETROTECNICO;CASADO(A);;
M;34;2844;ELETROTECNICO;CASADO(A);;
M;51;4400;ELETROTECNICO;CASADO(A);;
M;51;1883;ELETROTECNICO;CASADO(A);;
M;58;2332;ELETROTECNICO;OUTROS;;
M;42;3121;ELETROTECNICO;CASADO(A);;
M;31;1516;ELETROTECNICO;SOLTEIRO(A);;
M;38;2211;ELETROTECNICO;SEPARADO(A) JUDICIALMENTE;;
M;42;2071;ELETROTECNICO;CASADO(A);;
M;59;3638;ELETROTECNICO;CASADO(A);;
M;35;1944;ELETROTECNICO;SOLTEIRO(A);;
M;48;4881;ELETROTECNICO;CASADO(A);;
M;40;2604;ELETROTECNICO;CASADO(A);;
M;27;2703;ELETROTECNICO;SOLTEIRO(A);;
M;32;4490;ELETROTECNICO;SOLTEIRO(A);;
M;24;2696;ELETROTECNICO;SOLTEIRO(A);;
M;23;1784;ELETROTECNICO;SOLTEIRO(A);;
M;24;2836;ELETROTECNICO;SOLTEIRO(A);;
M;34;2715;ELETROTECNICO;CASADO(A);;
M;33;965;ELETROTECNICO;SOLTEIRO(A);;
M;50;4211;ELETROTECNICO;CASADO(A);;
M;46;2633;ELETROTECNICO;CASADO(A);;
M;41;1531;ELETROTECNICO;SOLTEIRO(A);;
M;51;2265;ELETROTECNICO;CASADO(A);;
M;36;3406;ELETROTECNICO;CASADO(A);;
M;39;1770;ELETROTECNICO;SOLTEIRO(A);;
M;48;1158;ELETROTECNICO;SOLTEIRO(A);;
M;56;1137;ELETROTECNICO;CASADO(A);;
M;34;1205;ELETROTECNICO;SOLTEIRO(A);;
M;37;3600;ELETROTECNICO;CASADO(A);;
M;40;1345;ELETROTECNICO;CASADO(A);;
M;34;1467;ELETROTECNICO;SOLTEIRO(A);;
M;35;2703;ELETROTECNICO;CASADO(A);;
M;43;1875;ELETROTECNICO;CASADO(A);;
M;42;4849;ELETROTECNICO;CASADO(A);;
M;30;3925;ELETROTECNICO;SOLTEIRO(A);;
M;38;3589;ELETROTECNICO;SEPARADO(A) JUDICIALMENTE;;
M;34;5092;ELETROTECNICO;CASADO(A);;
M;27;1563;ELETROTECNICO;SOLTEIRO(A);;
M;49;3436;ELETROTECNICO;SOLTEIRO(A);;
M;27;3144;ELETROTECNICO;SOLTEIRO(A);;
M;37;2508;ELETROTECNICO;OUTROS;;
M;34;3369;ELETROTECNICO;SOLTEIRO(A);;
M;48;4753;ELETROTECNICO;CASADO(A);;
M;40;4513;ELETROTECNICO;SOLTEIRO(A);;
M;25;2823;ELETROTECNICO;SOLTEIRO(A);;
M;44;5004;ELETROTECNICO;SEPARADO(A) JUDICIALMENTE;;
M;47;6351;ELETROTECNICO;CASADO(A);;
M;48;4513;ELETROTECNICO;CASADO(A);;
M;47;1228;ELETROTECNICO;CASADO(A);;
M;43;1587;ELETROTECNICO;CASADO(A);;
M;38;1577;ELETROTECNICO;SOLTEIRO(A);;
M;32;3431;ELETROTECNICO;SOLTEIRO(A);;
M;31;1518;ELETROTECNICO;SOLTEIRO(A);;
M;31;1704;ELETROTECNICO;SOLTEIRO(A);;
M;37;1562;ELETROTECNICO;CASADO(A);;
M;33;1590;ELETROTECNICO;SOLTEIRO(A);;
M;42;2936;ELETROTECNICO;CASADO(A);;
M;41;4185;ELETROTECNICO;SOLTEIRO(A);;
M;42;2603;ELETROTECNICO;SOLTEIRO(A);;
M;37;3363;ELETROTECNICO;SOLTEIRO(A);;
M;44;5543;ELETROTECNICO;SEPARADO(A) JUDICIALMENTE;;
M;35;2997;ELETROTECNICO;SEPARADO(A) JUDICIALMENTE;;
M;37;3773;ELETROTECNICO;CASADO(A);;
M;47;1228;ELETROTECNICO;SOLTEIRO(A);;
M;38;1847;ELETROTECNICO;CASADO(A);;
M;40;4290;ELETROTECNICO;SOLTEIRO(A);;
M;44;6632;ELETROTECNICO;SOLTEIRO(A);;
M;36;1972;ELETROTECNICO;SOLTEIRO(A);;
M;34;1034;ELETROTECNICO;SOLTEIRO(A);;
M;38;913;ELETROTECNICO;SOLTEIRO(A);;
M;32;1704;ELETROTECNICO;CASADO(A);;
M;41;1577;ELETROTECNICO;SOLTEIRO(A);;
M;44;1463;ELETROTECNICO;SEPARADO(A) JUDICIALMENTE;;
M;33;1354;ELETROTECNICO;SOLTEIRO(A);;
M;38;6149;ENGENHEIRO ELETRICISTA;CASADO(A);;
M;38;5845;ENGENHEIRO ELETRICISTA;CASADO(A);;
M;39;2353;ENGENHEIRO ELETRICISTA DE PROJ;SOLTEIRO(A);;
M;29;4577;ENGENHEIRO ELETRICISTA DE PROJ;SOLTEIRO(A);;
F;30;3404;ENGENHEIRO ELETRICISTA DE PROJ;SOLTEIRO(A);;
M;54;6621;ENGENHEIRO ELETRICISTA DE PROJ;OUTROS;;
M;31;3559;ENGENHEIRO ELETRICISTA DE PROJ;SOLTEIRO(A);;
M;31;5387;ENGENHEIRO ELETRICISTA DE PROJ;SOLTEIRO(A);;
M;40;7056;ENGENHEIRO ELETRICISTA DE PROJ;CASADO(A);;
M;31;4088;ENGENHEIRO ELETRICISTA DE PROJ;CASADO(A);;
M;32;2937;ENGENHEIRO ELETRICISTA DE PROJ;CASADO(A);;
M;46;15119;ENGENHEIRO ELETRICISTA DE PROJ;CASADO(A);;
M;36;3059;ENGENHEIRO ELETRICISTA DE PROJ;SOLTEIRO(A);;
M;38;8095;ENGENHEIRO ELETRICISTA DE PROJ;CASADO(A);;
M;33;7120;ENGENHEIRO ELETRICISTA DE PROJ;SOLTEIRO(A);;
M;36;5626;ENGENHEIRO ELETRICISTA DE PROJ;CASADO(A);;
M;37;1762;ENGENHEIRO ELETRICISTA DE PROJ;SOLTEIRO(A);;
M;46;13649;ENGENHEIRO ELETRICISTA DE PROJ;CASADO(A);;
M;31;3917;ENGENHEIRO ELETRICISTA DE PROJ;SOLTEIRO(A);;
M;37;3886;ENGENHEIRO ELETRICISTA DE PROJ;SOLTEIRO(A);;
M;36;1924;ENGENHEIRO MECANICO;SOLTEIRO(A);;
F;31;3744;ENGENHEIRO MECANICO;SOLTEIRO(A);;
M;29;6475;ENGENHEIRO MECANICO;SOLTEIRO(A);;
M;32;3107;ENGENHEIRO MECANICO;SOLTEIRO(A);;
M;32;4075;ENGENHEIRO MECANICO;SOLTEIRO(A);;
M;42;5167;ENGENHEIRO MECANICO;CASADO(A);;
M;30;4235;ENGENHEIRO MECANICO;CASADO(A);;
M;29;5378;ENGENHEIRO MECANICO;SOLTEIRO(A);;
M;30;4456;ENGENHEIRO MECANICO;CASADO(A);;
M;38;3159;ENGENHEIRO MECANICO;SOLTEIRO(A);;
M;49;2000;FAXINEIRO;SOLTEIRO(A);;
M;42;1106;FAXINEIRO;SOLTEIRO(A);;
M;37;1286;FUNILEIRO DE VEICULOS (REPARAC;SOLTEIRO(A);;
M;44;1678;FUNILEIRO DE VEICULOS (REPARAC;CASADO(A);;
M;45;1603;FUNILEIRO DE VEICULOS (REPARAC;SOLTEIRO(A);;
M;60;12285;GERENTE ADMINISTRATIVO;OUTROS;;
F;78;5441;GERENTE ADMINISTRATIVO;DIVORCIADO(A);;
M;49;6171;GERENTE COMERCIAL;CASADO(A);;
M;48;12221;GERENTE COMERCIAL;CASADO(A);;
M;48;7911;GERENTE COMERCIAL;CASADO(A);;
M;57;9419;GERENTE COMERCIAL;CASADO(A);;
M;48;9685;GERENTE COMERCIAL;CASADO(A);;
M;45;16081;GERENTE COMERCIAL;OUTROS;;
M;78;4651;GERENTE COMERCIAL;CASADO(A);;
M;49;11586;GERENTE COMERCIAL;CASADO(A);;
M;48;12754;GERENTE COMERCIAL;CASADO(A);;
M;49;12834;GERENTE COMERCIAL;CASADO(A);;
M;41;17696;GERENTE COMERCIAL;CASADO(A);;
M;81;5435;GERENTE COMERCIAL;CASADO(A);;
M;41;19385;GERENTE COMERCIAL;CASADO(A);;
M;53;8083;GERENTE COMERCIAL;CASADO(A);;
M;53;13162;GERENTE COMERCIAL;OUTROS;;
M;44;12955;GERENTE COMERCIAL;CASADO(A);;
M;53;8288;GERENTE COMERCIAL;CASADO(A);;
M;48;10558;GERENTE COMERCIAL;CASADO(A);;
M;48;9730;GERENTE COMERCIAL;SOLTEIRO(A);;
M;44;15035;GERENTE COMERCIAL;CASADO(A);;
M;49;7174;GERENTE COMERCIAL;CASADO(A);;
F;41;8234;GERENTE DE COMPRAS;SOLTEIRO(A);;
F;41;13136;GERENTE DE COMPRAS;SOLTEIRO(A);;
M;37;11144;GERENTE DE COMPRAS;CASADO(A);;
M;45;5827;GERENTE DE DEPARTAMENTO PESSOA;CASADO(A);;
M;45;11349;GERENTE DE DEPARTAMENTO PESSOA;CASADO(A);;
F;40;11705;GERENTE DE MARKETING;SOLTEIRO(A);;
F;54;17977;GERENTE DE MARKETING;OUTROS;;
M;37;7509;GERENTE DE OPERACOES DE SERVICOS DE ASSI;CASADO(A);;
M;37;6778;GERENTE DE OPERACOES DE SERVICOS DE ASSI;CASADO(A);;
M;42;7141;GERENTE DE OPERACOES DE SERVICOS DE ASSI;SOLTEIRO(A);;
M;45;4745;GERENTE DE OPERACOES DE SERVICOS DE ASSI;CASADO(A);;
M;47;5513;GERENTE DE OPERACOES DE SERVICOS DE ASSI;CASADO(A);;
M;51;11171;GERENTE DE OPERACOES DE TRANSP;CASADO(A);;
M;51;16707;GERENTE DE OPERACOES DE TRANSP;CASADO(A);;
M;39;5456;GERENTE DE PESQUISA E DESENVOL;CASADO(A);;
M;52;11721;GERENTE DE PESQUISA E DESENVOL;CASADO(A);;
M;47;11762;GERENTE DE PESQUISA E DESENVOL;CASADO(A);;
F;55;12021;GERENTE DE PESQUISA E DESENVOL;CASADO(A);;
M;53;4271;GERENTE DE PROD E OP AGROPECUA;SOLTEIRO(A);;
M;44;4271;GERENTE DE PROD E OP AGROPECUA;OUTROS;;
M;47;9765;GERENTE DE PROJ DE TEC DA INFORMAÇÃO;CASADO(A);;
M;54;17977;GERENTE DE PROJ DE TEC DA INFORMAÇÃO;CASADO(A);;
M;35;8910;GERENTE DE PROJ DE TEC DA INFORMAÇÃO;SOLTEIRO(A);;
M;43;12109;GERENTE DE PROJETOS E SERVICOS DE MANUTE;CASADO(A);;
M;49;5888;GERENTE DE PROJETOS E SERVICOS DE MANUTE;SOLTEIRO(A);;
M;51;1630;GERENTE DE PROJETOS E SERVICOS DE MANUTE;CASADO(A);;
F;56;5625;GERENTE DE PROJETOS E SERVICOS DE MANUTE;CASADO(A);;
M;46;3217;GERENTE DE PROJETOS E SERVICOS DE MANUTE;CASADO(A);;
M;46;4235;GERENTE DE PROJETOS E SERVICOS DE MANUTE;CASADO(A);;
M;46;15014;GERENTE DE PROJETOS E SERVICOS DE MANUTE;CASADO(A);;
M;46;4719;GERENTE DE PROJETOS E SERVICOS DE MANUTE;SOLTEIRO(A);;
M;60;4931;GERENTE DE PROJETOS E SERVICOS DE MANUTE;CASADO(A);;
M;43;10243;GERENTE DE PROJETOS E SERVICOS DE MANUTE;CASADO(A);;
M;61;5418;GERENTE DE PROJETOS E SERVICOS DE MANUTE;OUTROS;;
M;34;5226;GERENTE DE PROJETOS E SERVICOS DE MANUTE;SEPARADO(A) JUDICIALMENTE;;
M;31;8043;GERENTE DE PROJETOS E SERVICOS DE MANUTE;SOLTEIRO(A);;
M;40;6987;GERENTE DE PROJETOS E SERVICOS DE MANUTE;SOLTEIRO(A);;
M;35;6784;GERENTE DE PROJETOS E SERVICOS DE MANUTE;CASADO(A);;
M;46;3508;GERENTE DE PROJETOS E SERVICOS DE MANUTE;CASADO(A);;
M;46;11580;GERENTE DE PROJETOS E SERVICOS DE MANUTE;SOLTEIRO(A);;
F;56;4744;GERENTE DE PROJETOS E SERVICOS DE MANUTE;CASADO(A);;
M;54;4863;GERENTE DE PROJETOS E SERVICOS DE MANUTE;CASADO(A);;
F;49;18887;GERENTE DE RECURSOS HUMANOS;CASADO(A);;
F;49;10980;GERENTE DE RECURSOS HUMANOS;CASADO(A);;
M;48;7346;GERENTE DE REDE;CASADO(A);;
M;43;22291;GERENTE DE SUPRIMENTOS;CASADO(A);;
M;43;16837;GERENTE DE VENDAS;CASADO(A);;
M;43;6208;GERENTE DE VENDAS;SOLTEIRO(A);;
M;55;8304;GERENTE DE VENDAS;CASADO(A);;
M;56;7631;GERENTE DE VENDAS;CASADO(A);;
M;42;8553;GERENTE DE VENDAS;CASADO(A);;
M;69;12410;GERENTE DE VENDAS;CASADO(A);;
M;74;4150;GERENTE DE VENDAS;CASADO(A);;
M;39;10614;GERENTE DE VENDAS;CASADO(A);;
M;73;7706;GERENTE DE VENDAS;OUTROS;;
F;52;6612;GERENTE FINANCEIRO;CASADO(A);;
F;45;15319;GERENTE FINANCEIRO;CASADO(A);;
M;32;1083;LAVADOR DE PECAS;SOLTEIRO(A);;
M;60;1242;LAVADOR DE PECAS;CASADO(A);;
M;29;1164;LAVADOR DE PECAS;SOLTEIRO(A);;
M;48;1084;LAVADOR DE PECAS;CASADO(A);;
M;42;1354;LAVADOR DE PECAS;SOLTEIRO(A);;
M;50;2463;LAVADOR DE PECAS;CASADO(A);;
M;34;1468;LAVADOR DE PECAS;SOLTEIRO(A);;
M;33;1175;LAVADOR DE PECAS;SOLTEIRO(A);;
M;44;1354;LAVADOR DE PECAS;SOLTEIRO(A);;
M;42;1313;LAVADOR DE PECAS;SOLTEIRO(A);;
M;35;3035;MECÂNICO DE MANUTENÇÃO DE MÁQUIN;SOLTEIRO(A);;
M;47;6306;MECÂNICO DE MANUTENÇÃO DE MÁQUIN;CASADO(A);;
M;22;1847;MECÂNICO DE MANUTENÇÃO DE MÁQUIN;SOLTEIRO(A);;
M;22;2995;MECÂNICO DE MANUTENÇÃO DE MÁQUIN;SOLTEIRO(A);;
M;53;4290;MECÂNICO DE MANUTENÇÃO DE MÁQUIN;SEPARADO(A) JUDICIALMENTE;;
M;33;3431;MECÂNICO DE MANUTENÇÃO DE MÁQUIN;SOLTEIRO(A);;
M;50;1894;MECÂNICO DE MANUTENÇÃO DE MÁQUIN;CASADO(A);;
M;35;2409;MECÂNICO DE MANUTENÇÃO DE MÁQUIN;CASADO(A);;
M;39;4179;MECÂNICO DE MANUTENÇÃO DE MÁQUIN;CASADO(A);;
M;40;3322;MECÂNICO DE MANUTENÇÃO DE MÁQUIN;CASADO(A);;
M;35;4290;MECÂNICO DE MANUTENÇÃO DE MÁQUIN;SOLTEIRO(A);;
M;35;5004;MECÂNICO DE MANUTENÇÃO DE MÁQUIN;CASADO(A);;
M;50;4290;MECÂNICO DE MANUTENÇÃO DE MÁQUIN;CASADO(A);;
M;35;3588;MECÂNICO DE MANUTENÇÃO DE MÁQUIN;SOLTEIRO(A);;
M;38;4490;MECÂNICO DE MANUTENÇÃO DE MÁQUIN;OUTROS;;
M;39;1667;MECÂNICO DE MANUTENÇÃO DE MÁQUIN;SOLTEIRO(A);;
M;33;4849;MECÂNICO DE MANUTENÇÃO DE MÁQUIN;CASADO(A);;
M;33;3878;MECÂNICO DE MANUTENÇÃO DE MÁQUIN;SOLTEIRO(A);;
M;43;5881;MECÂNICO DE MANUTENÇÃO DE MÁQUIN;SEPARADO(A) JUDICIALMENTE;;
M;38;5381;MECÂNICO DE MANUTENÇÃO DE MÁQUIN;SEPARADO(A) JUDICIALMENTE;;
M;34;5693;MECÂNICO DE MANUTENÇÃO DE MÁQUIN;SOLTEIRO(A);;
M;31;3406;MECÂNICO DE MANUTENÇÃO DE MÁQUIN;SOLTEIRO(A);;
M;32;4074;MECÂNICO DE MANUTENÇÃO DE MÁQUIN;SOLTEIRO(A);;
M;52;4753;MECÂNICO DE MANUTENÇÃO DE MÁQUIN;CASADO(A);;
M;26;3875;MECÂNICO DE MANUTENÇÃO DE MÁQUIN;SOLTEIRO(A);;
M;27;2995;MECÂNICO DE MANUTENÇÃO DE MÁQUIN;SOLTEIRO(A);;
M;52;4290;MECÂNICO DE MANUTENÇÃO DE MÁQUIN;CASADO(A);;
M;45;5405;MECÂNICO DE MANUTENÇÃO DE MÁQUIN;SEPARADO(A) JUDICIALMENTE;;
M;27;2703;MECÂNICO DE MANUTENÇÃO DE MÁQUIN;SOLTEIRO(A);;
M;26;1847;MECÂNICO DE MANUTENÇÃO DE MÁQUIN;CASADO(A);;
M;32;3678;MECÂNICO DE MANUTENÇÃO DE MÁQUIN;SOLTEIRO(A);;
M;29;1591;MECÂNICO DE MANUTENÇÃO DE MÁQUIN;SOLTEIRO(A);;
M;30;4849;MECÂNICO DE MANUTENÇÃO DE MÁQUIN;SOLTEIRO(A);;
M;43;3706;MECÂNICO DE MANUTENÇÃO DE MÁQUIN;SEPARADO(A) JUDICIALMENTE;;
M;50;4753;MECÂNICO DE MANUTENÇÃO DE MÁQUIN;CASADO(A);;
M;38;4290;MECÂNICO DE MANUTENÇÃO DE MÁQUIN;CASADO(A);;
M;31;3245;MECÂNICO DE MANUTENÇÃO DE MÁQUIN;SOLTEIRO(A);;
M;39;4400;MECÂNICO DE MANUTENÇÃO DE MÁQUIN;CASADO(A);;
M;38;4753;MECÂNICO DE MANUTENÇÃO DE MÁQUIN;CASADO(A);;
M;35;5543;MECÂNICO DE MANUTENÇÃO DE MÁQUIN;CASADO(A);;
M;23;4157;MECÂNICO DE MANUTENÇÃO DE MÁQUIN;SOLTEIRO(A);;
M;35;4513;MECÂNICO DE MANUTENÇÃO DE MÁQUIN;SOLTEIRO(A);;
M;53;8222;MECANICO DE MANUTENÇÃO DE MAQUINAS;SEPARADO(A) JUDICIALMENTE;SEPARADO(A) JUDICIALMENTE;VERDADEIRO
M;41;14300;MECANICO DE MANUTENÇÃO DE MAQUINAS;CASADO(A);CASADO(A);VERDADEIRO
M;41;9695;MECANICO DE MANUTENÇÃO DE MAQUINAS;CASADO(A);CASADO(A);VERDADEIRO
M;53;7422;MECANICO DE MANUTENÇÃO DE MAQUINAS;SEPARADO(A) JUDICIALMENTE;SEPARADO(A) JUDICIALMENTE;VERDADEIRO
M;53;8095;MECANICO DE MANUTENÇÃO DE MAQUINAS;CASADO(A);CASADO(A);VERDADEIRO
M;53;7308;MECANICO DE MANUTENÇÃO DE MAQUINAS;CASADO(A);CASADO(A);VERDADEIRO
M;40;2709;MECANICO DE VEICULOS AUTOMOTOR;SOLTEIRO(A);;
M;31;2871;MECANICO DE VEICULOS AUTOMOTOR;SEPARADO(A) JUDICIALMENTE;;
M;54;6501;MECANICO DE VEICULOS AUTOMOTOR;CASADO(A);;
M;47;1823;MECANICO DE VEICULOS AUTOMOTOR;SOLTEIRO(A);;
M;40;5161;MECANICO DE VEICULOS AUTOMOTOR;SOLTEIRO(A);;
M;21;2788;MECANICO DE VEICULOS AUTOMOTOR;SOLTEIRO(A);;
M;34;3424;MECANICO DE VEICULOS AUTOMOTOR;CASADO(A);;
M;41;1506;MECANICO DE VEICULOS AUTOMOTOR;CASADO(A);;
M;48;4869;MECANICO DE VEICULOS AUTOMOTOR;SOLTEIRO(A);;
M;31;3092;MECANICO DE VEICULOS AUTOMOTOR;SOLTEIRO(A);;
M;40;4659;MECANICO DE VEICULOS AUTOMOTOR;CASADO(A);;
M;46;1606;MECANICO DE VEICULOS AUTOMOTOR;CASADO(A);;
M;48;3082;MECANICO DE VEICULOS AUTOMOTOR;CASADO(A);;
M;34;1717;MECANICO DE VEICULOS AUTOMOTOR;SOLTEIRO(A);;
M;32;1293;MECANICO DE VEICULOS AUTOMOTOR;OUTROS;;
M;36;1322;MECANICO DE VEICULOS AUTOMOTOR;CASADO(A);;
M;41;3407;MECANICO DE VEICULOS AUTOMOTOR;SOLTEIRO(A);;
M;34;1975;MECANICO DE VEICULOS AUTOMOTOR;SOLTEIRO(A);;
M;57;2801;MECANICO DE VEICULOS AUTOMOTOR;SEPARADO(A) JUDICIALMENTE;;
M;36;3994;MECANICO DE VEICULOS AUTOMOTOR;SOLTEIRO(A);;
M;26;3076;MECANICO DE VEICULOS AUTOMOTOR;SOLTEIRO(A);;
M;40;4901;MECANICO DE VEICULOS AUTOMOTOR;CASADO(A);;
M;31;3818;MECANICO DE VEICULOS AUTOMOTOR;SOLTEIRO(A);;
M;20;2083;MECANICO DE VEICULOS AUTOMOTOR;SOLTEIRO(A);;
M;49;4054;MECANICO DE VEICULOS AUTOMOTOR;OUTROS;;
M;43;6020;MECANICO DE VEICULOS AUTOMOTOR;SOLTEIRO(A);;
M;40;2845;MECANICO DE VEICULOS AUTOMOTOR;CASADO(A);;
M;23;1823;MECANICO DE VEICULOS AUTOMOTOR;SOLTEIRO(A);;
M;34;1802;MECANICO DE VEICULOS AUTOMOTOR;CASADO(A);;
M;47;2222;MECANICO DE VEICULOS AUTOMOTOR;CASADO(A);;
M;43;971;MECANICO DE VEICULOS AUTOMOTOR;SOLTEIRO(A);;
M;33;2045;MECANICO DE VEICULOS AUTOMOTOR;CASADO(A);;
M;48;1104;MECANICO DE VEICULOS AUTOMOTOR;SOLTEIRO(A);;
M;37;4659;MECANICO DE VEICULOS AUTOMOTOR;CASADO(A);;
M;32;971;MECANICO DE VEICULOS AUTOMOTOR;SOLTEIRO(A);;
M;34;918;MECANICO DE VEICULOS AUTOMOTOR;CASADO(A);;
M;52;3424;MECANICO DE VEICULOS AUTOMOTOR;CASADO(A);;
M;43;3424;MECANICO DE VEICULOS AUTOMOTOR;SOLTEIRO(A);;
M;34;1137;MECANICO DE VEICULOS AUTOMOTOR;CASADO(A);;
M;37;1820;MECANICO DE VEICULOS AUTOMOTOR;CASADO(A);;
M;31;1935;MECANICO DE VEICULOS AUTOMOTOR;CASADO(A);;
M;36;3426;MECANICO DE VEICULOS AUTOMOTOR;CASADO(A);;
M;44;3994;MECANICO DE VEICULOS AUTOMOTOR;SOLTEIRO(A);;
M;27;2599;MECANICO DE VEICULOS AUTOMOTOR;SEPARADO(A) JUDICIALMENTE;;
M;47;4869;MECANICO DE VEICULOS AUTOMOTOR;CASADO(A);;
M;33;3119;MECANICO DE VEICULOS AUTOMOTOR;SOLTEIRO(A);;
M;40;4852;MECANICO DE VEICULOS AUTOMOTOR;CASADO(A);;
M;44;2872;MECANICO DE VEICULOS AUTOMOTOR;CASADO(A);;
M;50;3044;MECANICO DE VEICULOS AUTOMOTOR;CASADO(A);;
M;24;1504;MECANICO DE VEICULOS AUTOMOTOR;SOLTEIRO(A);;
M;32;3558;MECANICO DE VEICULOS AUTOMOTOR;SOLTEIRO(A);;
M;29;3584;MECANICO DE VEICULOS AUTOMOTOR;SOLTEIRO(A);;
M;41;4064;MECANICO DE VEICULOS AUTOMOTOR;CASADO(A);;
M;48;3252;MECANICO DE VEICULOS AUTOMOTOR;SOLTEIRO(A);;
M;26;1677;MECANICO DE VEICULOS AUTOMOTOR;SOLTEIRO(A);;
M;52;3793;MECANICO DE VEICULOS AUTOMOTOR;CASADO(A);;
M;32;1240;MECANICO DE VEICULOS AUTOMOTOR;SOLTEIRO(A);;
M;48;1110;MECANICO DE VEICULOS AUTOMOTOR;SOLTEIRO(A);;
M;44;1265;MECANICO DE VEICULOS AUTOMOTOR;CASADO(A);;
M;48;4659;MECANICO DE VEICULOS AUTOMOTOR;CASADO(A);;
M;44;2679;MECANICO DE VEICULOS AUTOMOTOR;SOLTEIRO(A);;
M;33;868;MECANICO DE VEICULOS AUTOMOTOR;SOLTEIRO(A);;
M;57;1389;MECANICO DE VEICULOS AUTOMOTOR;SEPARADO(A) JUDICIALMENTE;;
M;41;1760;MECANICO DE VEICULOS AUTOMOTOR;SEPARADO(A) JUDICIALMENTE;;
M;44;2234;MECANICO DE VEICULOS AUTOMOTOR;SOLTEIRO(A);;
M;50;1835;MECANICO DE VEICULOS AUTOMOTOR;SOLTEIRO(A);;
M;50;3099;MECANICO DE VEICULOS AUTOMOTOR;CASADO(A);;
M;60;4128;MECANICO DE VEICULOS AUTOMOTOR;CASADO(A);;
M;54;2059;MECANICO DE VEICULOS AUTOMOTOR;CASADO(A);;
M;53;4675;MECANICO DE VEICULOS AUTOMOTOR;SOLTEIRO(A);;
M;32;2320;MECANICO DE VEICULOS AUTOMOTOR;SOLTEIRO(A);;
M;45;3691;MECANICO DE VEICULOS AUTOMOTOR;SOLTEIRO(A);;
M;46;4869;MECANICO DE VEICULOS AUTOMOTOR;OUTROS;;
M;45;5436;MECANICO DE VEICULOS AUTOMOTOR;CASADO(A);;
M;41;3558;MECANICO DE VEICULOS AUTOMOTOR;SOLTEIRO(A);;
M;60;6523;MECANICO DE VEICULOS AUTOMOTOR;CASADO(A);;
M;29;1723;MECANICO DE VEICULOS AUTOMOTOR;SOLTEIRO(A);;
M;37;2493;MECANICO DE VEICULOS AUTOMOTOR;OUTROS;;
M;25;1563;MECANICO DE VEICULOS AUTOMOTOR;SOLTEIRO(A);;
M;34;2273;MECANICO DE VEICULOS AUTOMOTOR;SOLTEIRO(A);;
M;22;1563;MECANICO DE VEICULOS AUTOMOTOR;SOLTEIRO(A);;
M;27;2556;MECANICO DE VEICULOS AUTOMOTOR;CASADO(A);;
M;24;1702;MECANICO DE VEICULOS AUTOMOTOR;SOLTEIRO(A);;
M;31;2599;MECANICO DE VEICULOS AUTOMOTOR;SOLTEIRO(A);;
M;36;2340;MECANICO DE VEICULOS AUTOMOTOR;OUTROS;;
M;23;1749;MECANICO DE VEICULOS AUTOMOTOR;SOLTEIRO(A);;
M;36;4097;MECANICO DE VEICULOS AUTOMOTOR;SOLTEIRO(A);;
M;27;2997;MECANICO DE VEICULOS AUTOMOTOR;CASADO(A);;
M;28;4424;MECANICO DE VEICULOS AUTOMOTOR;SOLTEIRO(A);;
M;37;2441;MECANICO DE VEICULOS AUTOMOTOR;SOLTEIRO(A);;
M;48;2936;MECANICO DE VEICULOS AUTOMOTOR;SOLTEIRO(A);;
M;44;1561;MECANICO DE VEICULOS AUTOMOTOR;SOLTEIRO(A);;
M;34;3099;MECANICO DE VEICULOS AUTOMOTOR;SOLTEIRO(A);;
M;46;1971;MECANICO DE VEICULOS AUTOMOTOR;CASADO(A);;
M;48;2127;MECANICO DE VEICULOS AUTOMOTOR;SOLTEIRO(A);;
M;43;1488;MECANICO DE VEICULOS AUTOMOTOR;CASADO(A);;
M;44;1894;MECANICO DE VEICULOS AUTOMOTOR;SOLTEIRO(A);;
M;46;1421;MECANICO DE VEICULOS AUTOMOTOR;SEPARADO(A) JUDICIALMENTE;;
M;43;1390;MECANICO DE VEICULOS AUTOMOTOR;CASADO(A);;
M;37;2368;MECANICO DE VEICULOS AUTOMOTOR;SOLTEIRO(A);;
M;32;1076;MECANICO DE VEICULOS AUTOMOTOR;SOLTEIRO(A);;
M;50;2107;MECANICO DE VEICULOS AUTOMOTOR;CASADO(A);;
M;30;3058;MECANICO DE VEICULOS AUTOMOTOR;CASADO(A);;
M;39;1760;MECANICO DE VEICULOS AUTOMOTOR;SOLTEIRO(A);;
M;50;2660;MECANICO DE VEICULOS AUTOMOTOR;CASADO(A);;
M;42;2479;MECANICO DE VEICULOS AUTOMOTOR;CASADO(A);;
M;28;4202;MECANICO DE VEICULOS AUTOMOTOR;SOLTEIRO(A);;
M;43;2872;MECANICO DE VEICULOS AUTOMOTOR;SOLTEIRO(A);;
M;40;3265;MECANICO DE VEICULOS AUTOMOTOR;SOLTEIRO(A);;
M;27;2517;MECANICO DE VEICULOS AUTOMOTOR;SOLTEIRO(A);;
M;28;1897;MECANICO DE VEICULOS AUTOMOTOR;SOLTEIRO(A);;
M;27;2997;MECANICO DE VEICULOS AUTOMOTOR;SOLTEIRO(A);;
M;26;1823;MECANICO DE VEICULOS AUTOMOTOR;SOLTEIRO(A);;
M;51;1265;MECANICO DE VEICULOS AUTOMOTOR;CASADO(A);;
M;44;1291;MECANICO DE VEICULOS AUTOMOTOR;SOLTEIRO(A);;
M;45;2205;MECANICO DE VEICULOS AUTOMOTOR;CASADO(A);;
M;43;2488;MECANICO DE VEICULOS AUTOMOTOR;SOLTEIRO(A);;
M;30;979;MECANICO DE VEICULOS AUTOMOTOR;SOLTEIRO(A);;
M;49;2709;MECANICO DE VEICULOS AUTOMOTOR;CASADO(A);;
M;54;3698;MECANICO DE VEICULOS AUTOMOTOR;CASADO(A);;
M;47;2166;MECANICO DE VEICULOS AUTOMOTOR;CASADO(A);;
M;62;1752;MECANICO DE VEICULOS AUTOMOTOR;CASADO(A);;
M;57;2289;MECANICO DE VEICULOS AUTOMOTOR;CASADO(A);;
M;39;1974;MECANICO DE VEICULOS AUTOMOTOR;CASADO(A);;
M;44;1721;MECANICO DE VEICULOS AUTOMOTOR;CASADO(A);;
M;43;1721;MECANICO DE VEICULOS AUTOMOTOR;SOLTEIRO(A);;
M;39;1454;MECANICO DE VEICULOS AUTOMOTOR;SOLTEIRO(A);;
M;30;1899;MECANICO DE VEICULOS AUTOMOTOR;CASADO(A);;
M;43;5197;MECANICO DE VEICULOS AUTOMOTOR;SOLTEIRO(A);;
M;43;4957;MECANICO DE VEICULOS AUTOMOTOR;CASADO(A);;
M;34;6633;MECANICO DE VEICULOS AUTOMOTOR;CASADO(A);;
M;41;4024;MECANICO DE VEICULOS AUTOMOTOR;SOLTEIRO(A);;
M;34;3226;MECANICO DE VEICULOS AUTOMOTOR;CASADO(A);;
M;24;1585;MECANICO DE VEICULOS AUTOMOTOR;SOLTEIRO(A);;
M;48;6059;MECANICO DE VEICULOS AUTOMOTOR;SOLTEIRO(A);;
M;40;1699;MECANICO DE VEICULOS AUTOMOTOR;CASADO(A);;
M;44;3229;MECANICO DE VEICULOS AUTOMOTOR;SOLTEIRO(A);;
M;33;3320;MECANICO DE VEICULOS AUTOMOTOR;SOLTEIRO(A);;
M;40;3698;MECANICO DE VEICULOS AUTOMOTOR;SOLTEIRO(A);;
M;23;2440;MECANICO DE VEICULOS AUTOMOTOR;SOLTEIRO(A);;
M;22;1956;MECANICO DE VEICULOS AUTOMOTOR;SOLTEIRO(A);;
M;34;3793;MECANICO DE VEICULOS AUTOMOTOR;CASADO(A);;
M;33;2544;MECANICO DE VEICULOS AUTOMOTOR;SEPARADO(A) JUDICIALMENTE;;
M;43;3157;MECANICO DE VEICULOS AUTOMOTOR;CASADO(A);;
M;48;2127;MECANICO DE VEICULOS AUTOMOTOR;CASADO(A);;
M;31;3067;MECANICO DE VEICULOS AUTOMOTOR;SOLTEIRO(A);;
M;34;2517;MECANICO DE VEICULOS AUTOMOTOR;CASADO(A);;
M;39;3870;MECANICO DE VEICULOS AUTOMOTOR;SOLTEIRO(A);;
M;46;6059;MECANICO DE VEICULOS AUTOMOTOR;OUTROS;;
M;47;6059;MECANICO DE VEICULOS AUTOMOTOR;CASADO(A);;
M;31;1588;MECANICO DE VEICULOS AUTOMOTOR;SEPARADO(A) JUDICIALMENTE;;
M;48;5161;MECANICO DE VEICULOS AUTOMOTOR;CASADO(A);;
M;34;2788;MECANICO DE VEICULOS AUTOMOTOR;CASADO(A);;
M;27;2899;MECANICO DE VEICULOS AUTOMOTOR;SEPARADO(A) JUDICIALMENTE;;
M;35;1150;MECANICO DE VEICULOS AUTOMOTOR;SOLTEIRO(A);;
M;42;3994;MECANICO DE VEICULOS AUTOMOTOR;SOLTEIRO(A);;
M;38;2820;MECANICO DE VEICULOS AUTOMOTOR;CASADO(A);;
M;54;2665;MECANICO DE VEICULOS AUTOMOTOR;DESQUITADO(A);;
M;50;6523;MECANICO DE VEICULOS AUTOMOTOR;CASADO(A);;
M;43;2226;MECANICO DE VEICULOS AUTOMOTOR;CASADO(A);;
M;49;3044;MECANICO DE VEICULOS AUTOMOTOR;CASADO(A);;
M;45;3152;MECANICO DE VEICULOS AUTOMOTOR;CASADO(A);;
M;43;3895;MECANICO DE VEICULOS AUTOMOTOR;SOLTEIRO(A);;
M;42;1606;MECANICO DE VEICULOS AUTOMOTOR;CASADO(A);;
M;50;3781;MECANICO DE VEICULOS AUTOMOTOR;CASADO(A);;
M;32;1685;MECANICO DE VEICULOS AUTOMOTOR;SOLTEIRO(A);;
M;54;6174;MECANICO DE VEICULOS AUTOMOTOR;CASADO(A);;
M;30;2709;MECANICO DE VEICULOS AUTOMOTOR;SOLTEIRO(A);;
M;57;2642;MECANICO DE VEICULOS AUTOMOTOR;OUTROS;;
M;37;4318;MECANICO DE VEICULOS AUTOMOTOR;SOLTEIRO(A);;
M;56;3896;MECANICO DE VEICULOS AUTOMOTOR;CASADO(A);;
M;45;3147;MECANICO DE VEICULOS AUTOMOTOR;CASADO(A);;
M;31;1525;MECANICO DE VEICULOS AUTOMOTOR;SOLTEIRO(A);;
M;27;2273;MECANICO DE VEICULOS AUTOMOTOR;SOLTEIRO(A);;
M;31;1859;MECANICO DE VEICULOS AUTOMOTOR;SEPARADO(A) JUDICIALMENTE;;
M;54;4097;MECANICO DE VEICULOS AUTOMOTOR;CASADO(A);;
M;28;1802;MECANICO DE VEICULOS AUTOMOTOR;CASADO(A);;
M;34;1800;MECANICO DE VEICULOS AUTOMOTOR;SOLTEIRO(A);;
M;23;1700;MECANICO DE VEICULOS AUTOMOTOR;SOLTEIRO(A);;
M;37;2146;MECANICO DE VEICULOS AUTOMOTOR;OUTROS;;
M;42;4424;MECANICO DE VEICULOS AUTOMOTOR;SOLTEIRO(A);;
M;35;765;MECANICO DE VEICULOS AUTOMOTOR;SOLTEIRO(A);;
M;40;2743;MECANICO DE VEICULOS AUTOMOTOR;CASADO(A);;
M;43;2355;MECANICO DE VEICULOS AUTOMOTOR;CASADO(A);;
M;44;1394;MECANICO DE VEICULOS AUTOMOTOR;OUTROS;;
M;49;1926;MECANICO DE VEICULOS AUTOMOTOR;CASADO(A);;
M;39;5913;MECANICO DE VEICULOS AUTOMOTOR;SOLTEIRO(A);;
M;41;1394;MECANICO DE VEICULOS AUTOMOTOR;SOLTEIRO(A);;
M;46;1473;MECANICO DE VEICULOS AUTOMOTOR;SOLTEIRO(A);;
M;50;3730;MECANICO DE VEICULOS AUTOMOTOR;CASADO(A);;
M;33;1971;MECANICO DE VEICULOS AUTOMOTOR;SOLTEIRO(A);;
M;49;1777;MECANICO DE VEICULOS AUTOMOTOR;SOLTEIRO(A);;
M;39;1840;MECANICO DE VEICULOS AUTOMOTOR;SOLTEIRO(A);;
M;43;2743;MECANICO DE VEICULOS AUTOMOTOR;CASADO(A);;
M;41;3194;MECANICO DE VEICULOS AUTOMOTOR;SOLTEIRO(A);;
M;41;1685;MECANICO DE VEICULOS AUTOMOTOR;CASADO(A);;
M;36;1983;MECANICO DE VEICULOS AUTOMOTOR;CASADO(A);;
M;46;3420;MECANICO DE VEICULOS AUTOMOTOR;CASADO(A);;
M;42;2234;MECANICO DE VEICULOS AUTOMOTOR;CASADO(A);;
M;51;2920;MECANICO DE VEICULOS AUTOMOTOR;SOLTEIRO(A);;
M;43;4852;MECANICO DE VEICULOS AUTOMOTOR;CASADO(A);;
M;26;2490;MECANICO DE VEICULOS AUTOMOTOR;SOLTEIRO(A);;
M;42;2146;MECANICO DE VEICULOS AUTOMOTOR;SOLTEIRO(A);;
M;36;3698;MECANICO DE VEICULOS AUTOMOTOR;SOLTEIRO(A);;
M;38;3907;MECANICO DE VEICULOS AUTOMOTOR;CASADO(A);;
M;34;1859;MECANICO DE VEICULOS AUTOMOTOR;SEPARADO(A) JUDICIALMENTE;;
M;25;2556;MECANICO DE VEICULOS AUTOMOTOR;SOLTEIRO(A);;
M;44;4424;MECANICO DE VEICULOS AUTOMOTOR;SOLTEIRO(A);;
M;38;2885;MECANICO DE VEICULOS AUTOMOTOR;CASADO(A);;
M;32;2690;MECANICO DE VEICULOS AUTOMOTOR;SOLTEIRO(A);;
M;50;4297;MECANICO DE VEICULOS AUTOMOTOR;CASADO(A);;
M;37;5717;MECANICO DE VEICULOS AUTOMOTOR;CASADO(A);;
M;25;1704;MECANICO DE VEICULOS AUTOMOTOR;SOLTEIRO(A);;
M;49;1394;MECANICO DE VEICULOS AUTOMOTOR;CASADO(A);;
M;41;1038;MECANICO DE VEICULOS AUTOMOTOR;CASADO(A);;
M;45;2348;MECANICO DE VEICULOS AUTOMOTOR;SEPARADO(A) JUDICIALMENTE;;
M;47;3082;MECANICO DE VEICULOS AUTOMOTOR;CASADO(A);;
M;48;2222;MECANICO DE VEICULOS AUTOMOTOR;CASADO(A);;
M;34;1988;MECANICO DE VEICULOS AUTOMOTOR;CASADO(A);;
M;37;2405;MECANICO DE VEICULOS AUTOMOTOR;CASADO(A);;
M;38;2688;MECANICO DE VEICULOS AUTOMOTOR;CASADO(A);;
M;53;3409;MECANICO DE VEICULOS AUTOMOTOR;SOLTEIRO(A);;
M;39;1291;MECANICO DE VEICULOS AUTOMOTOR;CASADO(A);;
M;29;1623;MECANICO DE VEICULOS AUTOMOTOR;SOLTEIRO(A);;
M;54;3365;MECANICO DE VEICULOS AUTOMOTOR;CASADO(A);;
M;55;2826;MECANICO DE VEICULOS AUTOMOTOR;DIVORCIADO(A);;
M;44;5913;MECANICO DE VEICULOS AUTOMOTOR;CASADO(A);;
M;34;1899;MECANICO DE VEICULOS AUTOMOTOR;SOLTEIRO(A);;
M;30;1748;MECANICO DE VEICULOS AUTOMOTOR;SOLTEIRO(A);;
M;53;2320;MECANICO DE VEICULOS AUTOMOTOR;SEPARADO(A) JUDICIALMENTE;;
M;37;12063;MESTRE (CONSTRUÇÃO CIVIL);CASADO(A);;
M;52;6189;MONTADOR DE MÁQUINAS;CASADO(A);CASADO(A);VERDADEIRO
M;43;1792;MOTORISTA DE CAMINHAO;CASADO(A);;
M;58;1056;MOTORISTA DE CAMINHAO;OUTROS;;
M;36;915;MOTORISTA DE CAMINHAO;SOLTEIRO(A);;
M;43;848;MOTORISTA DE CAMINHAO;CASADO(A);;
M;44;1163;MOTORISTA DE CAMINHAO;CASADO(A);;
M;62;1011;MOTORISTA DE CAMINHAO;CASADO(A);;
M;43;1598;MOTORISTA DE CAMINHAO;CASADO(A);;
M;62;910;MOTORISTA DE CAMINHAO;CASADO(A);;
M;44;981;MOTORISTA DE CAMINHAO;CASADO(A);;
M;58;997;MOTORISTA DE CAMINHAO;CASADO(A);;
M;55;2401;MOTORISTA DE CARRO DE PASSEIO;SOLTEIRO(A);;
M;39;1010;MOTORISTA DE CARRO DE PASSEIO;CASADO(A);;
M;38;1006;MOTORISTA DE CARRO DE PASSEIO;SOLTEIRO(A);;
M;47;1180;MOTORISTA DE CARRO DE PASSEIO;SOLTEIRO(A);;
M;53;1696;MOTORISTA DE CARRO DE PASSEIO;CASADO(A);;
M;55;2660;MOTORISTA DE CARRO DE PASSEIO;SOLTEIRO(A);;
M;34;2643;MOTORISTA DE FURGÃO OU VEÍCULO SIMILAR;SEPARADO(A) JUDICIALMENTE;;
M;53;1094;MOTORISTA OPER DE GUINCHO;CASADO(A);;
M;51;1758;MOTORISTA OPER DE GUINCHO;CASADO(A);;
M;34;3083;MOTORISTA OPER DE GUINCHO;SOLTEIRO(A);;
M;42;1533;MOTORISTA OPER DE GUINCHO;SOLTEIRO(A);;
M;39;1978;MOTORISTA OPER DE GUINCHO;CASADO(A);;
M;46;3119;MOTORISTA OPER DE GUINCHO;SEPARADO(A) JUDICIALMENTE;;
M;46;1602;MOTORISTA OPER DE GUINCHO;CASADO(A);;
M;46;2480;MOTORISTA OPER DE GUINCHO;CASADO(A);;
M;54;2020;MOTORISTA OPER DE GUINCHO;SOLTEIRO(A);;
M;44;1758;MOTORISTA OPER DE GUINCHO;CASADO(A);;
M;62;1533;MOTORISTA OPER DE GUINCHO;CASADO(A);;
M;56;1584;MOTORISTA OPER DE GUINCHO;CASADO(A);;
M;59;1533;MOTORISTA OPER DE GUINCHO;CASADO(A);;
M;56;1602;MOTORISTA OPER DE GUINCHO;CASADO(A);;
M;44;2583;MOTORISTA OPER DE GUINCHO;CASADO(A);;
M;41;1602;MOTORISTA OPER DE GUINCHO;SOLTEIRO(A);;
M;44;1373;MOTORISTA OPER DE GUINCHO;CASADO(A);;
M;44;1761;MOTORISTA OPER DE GUINCHO;CASADO(A);;
M;42;1834;MOTORISTA OPER DE GUINCHO;CASADO(A);;
M;39;3596;MOTORISTA OPER DE GUINCHO;CASADO(A);;
M;52;3083;MOTORISTA OPER DE GUINCHO;SEPARADO(A) JUDICIALMENTE;;
M;54;1394;MOTORISTA OPER DE GUINCHO;CASADO(A);;
M;54;3306;MOTORISTA OPER DE GUINCHO;SOLTEIRO(A);;
M;48;1865;MOTORISTA OPER DE GUINCHO;CASADO(A);;
M;65;1997;MOTORISTA OPER DE GUINCHO;CASADO(A);;
M;48;3083;MOTORISTA OPER DE GUINCHO;CASADO(A);;
M;59;2214;OPERADOR DE EMPILHADEIRA;SEPARADO(A) JUDICIALMENTE;;
M;33;2377;OPERADOR DE EMPILHADEIRA;SOLTEIRO(A);;
M;46;2385;OPERADOR DE EMPILHADEIRA;CASADO(A);;
M;50;1606;OPERADOR DE EMPILHADEIRA;DIVORCIADO(A);;
M;35;2484;OPERADOR DE EMPILHADEIRA;CASADO(A);;
M;40;2214;OPERADOR DE EMPILHADEIRA;SOLTEIRO(A);;
M;31;1548;OPERADOR DE MAQUINAS FIXAS;SOLTEIRO(A);SOLTEIRO(A);VERDADEIRO
M;38;1548;OPERADOR DE MAQUINAS FIXAS;SOLTEIRO(A);SOLTEIRO(A);VERDADEIRO
M;53;2038;PORTEIRO DE EDIFICIOS;SEPARADO(A) JUDICIALMENTE;;
M;40;2180;PORTEIRO DE EDIFICIOS;OUTROS;;
M;40;1968;PORTEIRO DE EDIFICIOS;OUTROS;;
M;52;1542;PORTEIRO DE EDIFICIOS;CASADO(A);;
M;54;2070;PORTEIRO DE EDIFICIOS;SEPARADO(A) JUDICIALMENTE;;
M;54;1869;PORTEIRO DE EDIFICIOS;SEPARADO(A) JUDICIALMENTE;;
F;37;920;EM GERAL;SOLTEIRO(A);;
F;33;940;RECEPCIONISTA;SOLTEIRO(A);SOLTEIRO(A);VERDADEIRO
F;34;920;EM GERAL;SOLTEIRO(A);;
F;27;1542;RECEPCIONISTA;SOLTEIRO(A);SOLTEIRO(A);VERDADEIRO
F;48;5378;SECRETARIA(O) EXECUTIVA(O);SOLTEIRO(A);;
F;48;3216;SECRETARIA(O) EXECUTIVA(O);OUTROS;;
F;48;5958;SECRETARIA(O) EXECUTIVA(O);SOLTEIRO(A);;
F;53;3749;SECRETARIA(O) EXECUTIVA(O);CASADO(A);;
F;44;3216;SECRETARIA(O) EXECUTIVA(O);CASADO(A);;
F;50;2924;SECRETARIA(O) EXECUTIVA(O);SOLTEIRO(A);;
M;55;2858;SUPERVISOR ADMINISTRATIVO;OUTROS;;
M;47;3922;SUPERVISOR ADMINISTRATIVO;CASADO(A);;
F;51;14259;SUPERVISOR ADMINISTRATIVO;SOLTEIRO(A);;
M;55;5772;SUPERVISOR ADMINISTRATIVO;OUTROS;;
F;51;5628;SUPERVISOR ADMINISTRATIVO;SOLTEIRO(A);;
M;55;3325;SUPERVISOR ADMINISTRATIVO;OUTROS;;
M;55;5211;SUPERVISOR ADMINISTRATIVO;OUTROS;;
M;49;6955;SUPERVISOR ADMINISTRATIVO;CASADO(A);;
M;33;9867;SUPERVISOR ADMINISTRATIVO;CASADO(A);;
F;41;8044;SUPERVISOR ADMINISTRATIVO;CASADO(A);;
F;51;3967;SUPERVISOR ADMINISTRATIVO;OUTROS;;
M;49;6279;SUPERVISOR ADMINISTRATIVO;CASADO(A);;
M;44;5840;SUPERVISOR ADMINISTRATIVO;CASADO(A);;
M;55;3036;SUPERVISOR ADMINISTRATIVO;CASADO(A);;
M;33;7829;SUPERVISOR ADMINISTRATIVO;SOLTEIRO(A);;
M;46;4482;SUPERVISOR ADMINISTRATIVO;CASADO(A);;
M;33;4912;SUPERVISOR DA MANUT E REPAR DE;OUTROS;;
M;50;5958;SUPERVISOR DA MANUT E REPAR DE;SOLTEIRO(A);;
M;33;5167;SUPERVISOR DA MANUT E REPAR DE;OUTROS;;
M;39;2405;SUPERVISOR DA MANUT E REPAR DE;CASADO(A);;
M;49;3290;SUPERVISOR DA MANUT E REPAR DE;CASADO(A);;
M;32;3905;SUPERVISOR DA MANUT E REPAR DE;CASADO(A);;
M;33;3553;SUPERVISOR DA MANUT E REPAR DE;SOLTEIRO(A);;
M;33;3774;SUPERVISOR DA MANUT E REPAR DE;SEPARADO(A) JUDICIALMENTE;;
M;50;5378;SUPERVISOR DA MANUT E REPAR DE;SOLTEIRO(A);;
M;47;3117;SUPERVISOR DA MANUTENÇÃO E REPARAÇ;CASADO(A);;
M;46;3380;SUPERVISOR DA MANUTENÇÃO E REPARAÇ;SOLTEIRO(A);;
M;51;11100;SUPERVISOR DA MANUTENÇÃO E REPARAÇ;CASADO(A);;
M;32;8716;SUPERVISOR DA MANUTENÇÃO E REPARAÇ;SOLTEIRO(A);;
M;32;6656;SUPERVISOR DA MANUTENÇÃO E REPARAÇ;SOLTEIRO(A);;
M;27;7509;SUPERVISOR DE ALMOXARIFADO;SOLTEIRO(A);;
F;42;9841;SUPERVISOR DE ALMOXARIFADO;CASADO(A);;
M;46;3393;SUPERVISOR DE ALMOXARIFADO;CASADO(A);;
M;45;5593;SUPERVISOR DE ALMOXARIFADO;SOLTEIRO(A);;
M;48;7761;SUPERVISOR DE ALMOXARIFADO;CASADO(A);;
M;75;1578;SUPERVISOR DE ALMOXARIFADO;CASADO(A);;
M;39;4053;SUPERVISOR DE ALMOXARIFADO;CASADO(A);;
M;59;4260;SUPERVISOR DE CREDITO E COBRAN;CASADO(A);;
M;59;8044;SUPERVISOR DE CREDITO E COBRAN;CASADO(A);;
M;50;3664;SUPERVISOR DE CREDITO E COBRAN;CASADO(A);;
M;57;2389;SUPERVISOR DE LOGÍSTICA;CASADO(A);;
M;45;7808;SUPERVISOR DE LOGÍSTICA;CASADO(A);;
M;29;9354;SUPERVISOR DE LOGÍSTICA;CASADO(A);;
M;39;7443;SUPERVISOR DE LOGÍSTICA;OUTROS;;
M;45;7422;SUPERVISOR DE LOGÍSTICA;CASADO(A);;
M;70;3452;SUPERVISOR DE LOGÍSTICA;CASADO(A);;
M;45;6789;SUPERVISOR DE LOGÍSTICA;CASADO(A);;
F;49;5625;SUPERVISOR DE LOGÍSTICA;OUTROS;;
M;51;3774;SUPERVISOR DE LOGÍSTICA;SOLTEIRO(A);;
M;40;7808;SUPERVISOR DE LOGÍSTICA;CASADO(A);;
M;31;5799;SUPERVISOR DE LOGÍSTICA;SOLTEIRO(A);;
M;57;2997;SUPERVISOR DE LOGÍSTICA;CASADO(A);;
M;30;4435;SUPERVISOR DE LOGÍSTICA;SOLTEIRO(A);;
F;42;6002;SUPERVISOR DE LOGÍSTICA;SOLTEIRO(A);;
M;46;7069;SUPERVISOR DE LOGÍSTICA;SOLTEIRO(A);;
M;29;9841;SUPERVISOR DE LOGÍSTICA;CASADO(A);;
M;66;6694;SUPERVISOR DE MANUTENCAO ELETR;CASADO(A);;
M;32;5810;SUPERVISOR DE OPERAÇÃO ELÉTRICA (GERA;CASADO(A);;
M;64;1924;SUPERVISOR DE VENDAS COMERCIAL;SOLTEIRO(A);;
M;44;2795;SUPERVISOR DE VENDAS COMERCIAL;SOLTEIRO(A);;
M;40;9402;SUPERVISOR DE VENDAS COMERCIAL;SOLTEIRO(A);;
M;67;6808;SUPERVISOR DE VENDAS COMERCIAL;CASADO(A);;
M;59;6966;SUPERVISOR DE VENDAS COMERCIAL;SOLTEIRO(A);;
M;57;4295;SUPERVISOR DE VENDAS COMERCIAL;CASADO(A);;
M;80;8549;SUPERVISOR DE VENDAS COMERCIAL;CASADO(A);;
M;44;4725;SUPERVISOR DE VENDAS COMERCIAL;CASADO(A);;
M;51;5323;SUPERVISOR DE VENDAS COMERCIAL;SOLTEIRO(A);;
M;60;3523;SUPERVISOR DE VENDAS COMERCIAL;CASADO(A);;
M;61;1708;SUPERVISOR DE VENDAS COMERCIAL;CASADO(A);;
M;47;3653;SUPERVISOR DE VENDAS COMERCIAL;CASADO(A);;
M;57;4082;SUPERVISOR DE VENDAS COMERCIAL;CASADO(A);;
M;51;2581;SUPERVISOR DE VENDAS COMERCIAL;CASADO(A);;
M;42;4528;SUPERVISOR DE VENDAS COMERCIAL;OUTROS;;
M;67;6146;SUPERVISOR DE VENDAS COMERCIAL;CASADO(A);;
M;47;4519;SUPERVISOR DE VENDAS COMERCIAL;CASADO(A);;
M;42;9687;SUPERVISOR DE VENDAS COMERCIAL;CASADO(A);;
F;45;2663;TECNICO DE GARANTIA DA QUALIDA;CASADO(A);;
F;37;2662;TECNICO DE GARANTIA DA QUALIDA;CASADO(A);;
F;37;3148;TECNICO DE GARANTIA DA QUALIDA;CASADO(A);;
F;38;2662;TECNICO DE GARANTIA DA QUALIDA;SOLTEIRO(A);;
F;45;2860;TECNICO DE GARANTIA DA QUALIDA;CASADO(A);;
M;47;6492;TÉCNICO EM ELETROMECÂNICA;CASADO(A);;
M;31;3549;TÉCNICO EM ELETROMECÂNICA;CASADO(A);;
M;28;3173;TÉCNICO EM ELETROMECÂNICA;SOLTEIRO(A);;
M;46;3036;TÉCNICO EM ELETROMECÂNICA;SOLTEIRO(A);;
M;30;4435;TÉCNICO EM ELETROMECÂNICA;SOLTEIRO(A);;
M;47;4930;TÉCNICO EM ELETROMECÂNICA;CASADO(A);;
M;47;3795;TÉCNICO EM ELETROMECÂNICA;CASADO(A);;
M;38;3363;TÉCNICO EM ELETROMECÂNICA;CASADO(A);;
M;30;3491;TÉCNICO EM ELETROMECÂNICA;CASADO(A);;
M;38;3686;TÉCNICO EM ELETROMECÂNICA;SOLTEIRO(A);;
M;57;3205;TÉCNICO EM ELETROMECÂNICA;SEPARADO(A) JUDICIALMENTE;;
M;27;2449;TÉCNICO EM ELETROMECÂNICA;SEPARADO(A) JUDICIALMENTE;;
M;40;3886;TECNICO EM SEGURANCA DO TRABAL;SOLTEIRO(A);;
F;32;3080;TECNICO EM SEGURANCA DO TRABAL;SOLTEIRO(A);;
M;26;2857;TECNICO EM SEGURANCA DO TRABAL;CASADO(A);;
M;36;6840;TECNICO EM SEGURANCA DO TRABAL;CASADO(A);;
M;40;3584;TECNICO EM SEGURANCA DO TRABAL;CASADO(A);;
M;41;1924;TECNICO EM SEGURANCA DO TRABAL;SOLTEIRO(A);;
F;41;3622;TECNICO EM SEGURANCA DO TRABAL;SOLTEIRO(A);;
M;51;1924;TECNICO EM SEGURANCA DO TRABAL;CASADO(A);;
M;24;2856;TRABALHADOR AGROPECUARIO EM GE;SOLTEIRO(A);;
M;44;2092;TRABALHADOR AGROPECUARIO EM GE;SOLTEIRO(A);;
M;30;3232;TRABALHADOR AGROPECUARIO EM GE;SOLTEIRO(A);;
M;45;2349;TRABALHADOR AGROPECUARIO EM GE;CASADO(A);;
M;49;3032;TRABALHADOR AGROPECUARIO EM GE;SOLTEIRO(A);;
M;21;3185;TRABALHADOR AGROPECUARIO EM GE;SOLTEIRO(A);;
M;41;3484;VENDEDOR EM COMERCIO ATACADIST;CASADO(A);;
M;37;2734;VENDEDOR EM COMERCIO ATACADIST;CASADO(A);;
F;36;3239;VENDEDOR EM COMERCIO ATACADIST;CASADO(A);;
M;51;4452;VENDEDOR EM COMERCIO ATACADIST;OUTROS;;
M;36;3916;VENDEDOR EM COMERCIO ATACADIST;SOLTEIRO(A);;
M;44;3120;VENDEDOR EM COMERCIO ATACADIST;CASADO(A);;
M;60;2754;VENDEDOR EM COMERCIO ATACADIST;CASADO(A);;
M;38;2692;VENDEDOR EM COMERCIO ATACADIST;CASADO(A);;
M;50;3130;VENDEDOR EM COMERCIO ATACADIST;CASADO(A);;
M;32;3532;VENDEDOR EM COMERCIO ATACADIST;CASADO(A);;
M;31;3111;VENDEDOR EM COMERCIO ATACADIST;CASADO(A);;
M;33;5441;VENDEDOR EM COMERCIO ATACADIST;SOLTEIRO(A);;
M;41;4807;VENDEDOR EM COMERCIO ATACADIST;CASADO(A);;
M;28;2374;VENDEDOR EM COMERCIO ATACADIST;SOLTEIRO(A);;
M;26;2374;VENDEDOR EM COMERCIO ATACADIST;SOLTEIRO(A);;
M;37;3588;VENDEDOR EM COMERCIO ATACADIST;CASADO(A);;
M;43;4175;VENDEDOR EM COMERCIO ATACADIST;SOLTEIRO(A);;
F;44;5381;VENDEDOR EM COMERCIO ATACADIST;CASADO(A);;
M;57;1597;VENDEDOR EM COMERCIO ATACADIST;OUTROS;;
F;39;3116;VENDEDOR EM COMERCIO ATACADIST;SOLTEIRO(A);;
M;40;3647;VENDEDOR EM COMERCIO ATACADIST;CASADO(A);;
M;59;3520;VENDEDOR EM COMERCIO ATACADIST;CASADO(A);;
M;41;3508;VENDEDOR EM COMERCIO ATACADIST;CASADO(A);;
M;40;2608;VENDEDOR EM COMERCIO ATACADIST;CASADO(A);;
F;51;1875;VENDEDOR EM COMERCIO ATACADIST;OUTROS;;
M;53;2569;VENDEDOR EM COMERCIO ATACADIST;CASADO(A);;
M;33;2891;VENDEDOR EM COMERCIO ATACADIST;SOLTEIRO(A);;
M;32;2484;VENDEDOR EM COMERCIO ATACADIST;CASADO(A);;
M;48;2151;VENDEDOR EM COMERCIO ATACADIST;SOLTEIRO(A);;
M;35;3090;VENDEDOR EM COMERCIO ATACADIST;SOLTEIRO(A);;
M;53;4082;VENDEDOR EM COMERCIO ATACADIST;SOLTEIRO(A);;
M;62;3473;VENDEDOR EM COMERCIO ATACADIST;CASADO(A);;
F;37;3520;VENDEDOR EM COMERCIO ATACADIST;SOLTEIRO(A);;
M;39;1607;VENDEDOR EM COMERCIO ATACADIST;CASADO(A);;
M;44;2986;VENDEDOR EM COMERCIO ATACADIST;CASADO(A);;
M;41;3387;VENDEDOR EM COMERCIO ATACADIST;CASADO(A);;
M;43;1799;VENDEDOR EM COMERCIO ATACADIST;SEPARADO(A) JUDICIALMENTE;;
M;49;4156;VENDEDOR EM COMERCIO ATACADIST;SEPARADO(A) JUDICIALMENTE;;
M;37;2613;VENDEDOR EM COMERCIO ATACADIST;SOLTEIRO(A);;
M;26;2072;VENDEDOR EM COMERCIO ATACADIST;SOLTEIRO(A);;
M;40;3355;VENDEDOR EM COMERCIO ATACADIST;SOLTEIRO(A);;
M;46;2385;VENDEDOR EM COMERCIO ATACADIST;OUTROS;;
M;56;2469;VENDEDOR EM COMERCIO ATACADIST;CASADO(A);;
M;28;3008;VENDEDOR EM COMERCIO ATACADIST;SOLTEIRO(A);;
M;47;2651;VENDEDOR EM COMERCIO ATACADIST;CASADO(A);;
M;37;3520;VENDEDOR EM COMERCIO ATACADIST;CASADO(A);;
F;43;3761;VENDEDOR EM COMERCIO ATACADIST;CASADO(A);;
M;42;3051;VENDEDOR EM COMERCIO ATACADIST;CASADO(A);;
M;28;1921;VENDEDOR EM COMERCIO ATACADIST;SOLTEIRO(A);;
M;45;3746;VENDEDOR EM COMERCIO ATACADIST;CASADO(A);;
M;36;4522;VENDEDOR EM COMERCIO ATACADIST;SOLTEIRO(A);;
F;41;4952;VENDEDOR EM COMERCIO ATACADIST;CASADO(A);;
M;40;2973;VENDEDOR EM COMERCIO ATACADIST;CASADO(A);;
M;34;4522;VENDEDOR EM COMERCIO ATACADIST;CASADO(A);;
M;60;3703;VENDEDOR EM COMERCIO ATACADIST;CASADO(A);;
F;38;1480;VENDEDOR EM COMERCIO ATACADIST;CASADO(A);;
M;53;4011;VENDEDOR EM COMERCIO ATACADIST;CASADO(A);;
F;46;1908;VENDEDOR EM COMERCIO ATACADIST;CASADO(A);;
M;58;1731;VENDEDOR EM COMERCIO ATACADIST;OUTROS;;
M;52;1869;VENDEDOR EM COMERCIO ATACADIST;CASADO(A);;
M;62;4175;VENDEDOR EM COMERCIO ATACADIST;CASADO(A);;
M;61;1978;VENDEDOR EM COMERCIO ATACADIST;SOLTEIRO(A);;
M;54;1596;VENDEDOR EM COMERCIO ATACADIST;CASADO(A);;
M;55;1732;VENDEDOR EM COMERCIO ATACADIST;CASADO(A);;
M;54;2516;VENDEDOR EM COMERCIO ATACADIST;DIVORCIADO(A);;
M;38;2422;VENDEDOR EM COMERCIO ATACADIST;SOLTEIRO(A);;
M;56;2979;VENDEDOR EM COMERCIO ATACADIST;SEPARADO(A) JUDICIALMENTE;;
M;53;2374;VENDEDOR EM COMERCIO ATACADIST;CASADO(A);;
F;46;2520;VENDEDOR EM COMERCIO ATACADIST;SOLTEIRO(A);;
M;47;2618;VENDEDOR EM COMERCIO ATACADIST;CASADO(A);;
F;30;1884;VENDEDOR EM COMERCIO ATACADIST;SOLTEIRO(A);;
M;34;3583;VENDEDOR EM COMERCIO ATACADIST;SOLTEIRO(A);;
M;48;4306;VENDEDOR EM COMERCIO ATACADIST;SEPARADO(A) JUDICIALMENTE;;
M;47;3182;VENDEDOR EM COMERCIO ATACADIST;CASADO(A);;
M;37;2757;VENDEDOR EM COMERCIO ATACADIST;SOLTEIRO(A);;
F;39;1999;VENDEDOR EM COMERCIO ATACADIST;CASADO(A);;
M;47;2734;VENDEDOR EM COMERCIO ATACADIST;CASADO(A);;
M;48;1624;VENDEDOR EM COMERCIO ATACADIST;SOLTEIRO(A);;
F;45;2754;VENDEDOR EM COMERCIO ATACADIST;CASADO(A);;
F;44;2099;VENDEDOR EM COMERCIO ATACADIST;SOLTEIRO(A);;
M;29;2268;VENDEDOR EM COMERCIO ATACADIST;SOLTEIRO(A);;
M;42;2754;VENDEDOR EM COMERCIO ATACADIST;CASADO(A);;
M;35;3387;VENDEDOR EM COMERCIO ATACADIST;SEPARADO(A) JUDICIALMENTE;;
F;58;2600;VENDEDOR EM COMERCIO ATACADIST;CASADO(A);;
M;28;2484;VENDEDOR EM COMERCIO ATACADIST;SOLTEIRO(A);;
M;53;4522;VENDEDOR EM COMERCIO ATACADIST;CASADO(A);;
M;40;4823;VENDEDOR EM COMERCIO ATACADIST;CASADO(A);;
M;36;3865;VENDEDOR EM COMERCIO ATACADIST;CASADO(A);;
F;37;3277;VENDEDOR EM COMERCIO ATACADIST;CASADO(A);;
M;33;3219;VENDEDOR EM COMERCIO ATACADIST;SEPARADO(A) JUDICIALMENTE;;
M;36;3842;VENDEDOR EM COMERCIO ATACADIST;OUTROS;;
M;31;3250;VENDEDOR EM COMERCIO ATACADIST;CASADO(A);;
M;37;3703;VENDEDOR EM COMERCIO ATACADIST;CASADO(A);;
M;68;2278;VENDEDOR EM COMERCIO ATACADIST;CASADO(A);;
M;41;1597;VENDEDOR EM COMERCIO ATACADIST;OUTROS;;
M;47;1596;VENDEDOR EM COMERCIO ATACADIST;CASADO(A);;
M;55;1897;VENDEDOR EM COMERCIO ATACADIST;CASADO(A);;
M;40;3075;VENDEDOR EM COMERCIO ATACADIST;SEPARADO(A) JUDICIALMENTE;;
M;32;2143;VENDEDOR EM COMERCIO ATACADIST;SOLTEIRO(A);;
M;47;2568;VENDEDOR EM COMERCIO ATACADIST;CASADO(A);;
M;45;1612;VENDEDOR EM COMERCIO ATACADIST;CASADO(A);;
M;54;2057;VENDEDOR EM COMERCIO ATACADIST;CASADO(A);;
M;49;1887;VENDEDOR EM COMERCIO ATACADIST;CASADO(A);;
M;46;1601;VENDEDOR EM COMERCIO ATACADIST;CASADO(A);;
M;40;1731;VENDEDOR EM COMERCIO ATACADIST;CASADO(A);;
F;48;2298;VENDEDOR EM COMERCIO ATACADIST;SOLTEIRO(A);;
F;37;1793;VENDEDOR EM COMERCIO ATACADIST;CASADO(A);;
M;40;2844;VENDEDOR EM COMERCIO ATACADIST;CASADO(A);;
M;37;2268;VENDEDOR EM COMERCIO ATACADIST;SEPARADO(A) JUDICIALMENTE;;
F;27;2268;VENDEDOR EM COMERCIO ATACADIST;CASADO(A);;
M;47;2904;VENDEDOR EM COMERCIO ATACADIST;CASADO(A);;
M;44;2691;VENDEDOR EM COMERCIO ATACADIST;SEPARADO(A) JUDICIALMENTE;;
M;45;3171;VENDEDOR EM COMERCIO ATACADIST;CASADO(A);;
M;42;2952;VENDEDOR EM COMERCIO ATACADIST;OUTROS;;
M;45;1466;VENDEDOR EM COMERCIO ATACADIST;SOLTEIRO(A);;
M;36;5072;VENDEDOR EM COMERCIO ATACADIST;SEPARADO(A) JUDICIALMENTE;;
M;48;1601;VENDEDOR EM COMERCIO ATACADIST;CASADO(A);;
F;52;1936;VENDEDOR EM COMERCIO ATACADIST;OUTROS;;
F;50;2466;VENDEDOR EM COMERCIO ATACADIST;CASADO(A);;
M;37;1491;VENDEDOR EM COMERCIO ATACADIST;CASADO(A);;
M;37;3072;VENDEDOR EM COMERCIO ATACADIST;OUTROS;;
M;46;2307;VENDEDOR EM COMERCIO ATACADIST;CASADO(A);;
M;56;2493;VENDEDOR EM COMERCIO ATACADIST;CASADO(A);;
M;56;2596;VENDEDOR EM COMERCIO ATACADIST;CASADO(A);;
M;60;4138;VENDEDOR EM COMERCIO ATACADIST;OUTROS;;
M;45;2846;VENDEDOR EM COMERCIO ATACADIST;SOLTEIRO(A);;
F;46;3725;VENDEDOR EM COMERCIO ATACADIST;SOLTEIRO(A);;
M;32;3702;VENDEDOR EM COMERCIO ATACADIST;SOLTEIRO(A);;
F;40;2338;VENDEDOR EM COMERCIO ATACADIST;SOLTEIRO(A);;
F;51;1999;VENDEDOR EM COMERCIO ATACADIST;SOLTEIRO(A);;
M;37;3556;VENDEDOR EM COMERCIO ATACADIST;CASADO(A);;
F;31;2551;VENDEDOR EM COMERCIO ATACADIST;CASADO(A);;
M;32;2374;VENDEDOR EM COMERCIO ATACADIST;SOLTEIRO(A);;
M;32;2744;VENDEDOR EM COMERCIO ATACADIST;CASADO(A);;
M;37;3899;VENDEDOR EM COMERCIO ATACADIST;CASADO(A);;
M;40;4405;VENDEDOR EM COMERCIO ATACADIST;SOLTEIRO(A);;
M;32;2306;VENDEDOR EM COMERCIO ATACADIST;CASADO(A);;
M;62;3647;VENDEDOR EM COMERCIO ATACADIST;CASADO(A);;
M;35;2484;VENDEDOR EM COMERCIO ATACADIST;SOLTEIRO(A);;
M;37;4952;VENDEDOR EM COMERCIO ATACADIST;OUTROS;;
M;45;1944;VENDEDOR EM COMERCIO ATACADIST;CASADO(A);;
M;43;3702;VENDEDOR EM COMERCIO ATACADIST;SOLTEIRO(A);;
M;50;2754;VENDEDOR EM COMERCIO ATACADIST;CASADO(A);;
F;42;2466;VENDEDOR EM COMERCIO ATACADIST;CASADO(A);;
M;36;3520;VENDEDOR EM COMERCIO ATACADIST;SOLTEIRO(A);;
M;39;2005;VENDEDOR EM COMERCIO ATACADIST;CASADO(A);;
M;47;1337;VENDEDOR EM COMERCIO ATACADIST;CASADO(A);;
M;34;1513;VENDEDOR EM COMERCIO ATACADIST;SOLTEIRO(A);;
M;49;3345;VENDEDOR EM COMERCIO ATACADIST;SEPARADO(A) JUDICIALMENTE;;
M;38;2382;VENDEDOR EM COMERCIO ATACADIST;CASADO(A);;
F;53;2830;VENDEDOR EM COMERCIO ATACADIST;SOLTEIRO(A);;
M;59;2562;VENDEDOR EM COMERCIO ATACADIST;CASADO(A);;
M;32;2562;VENDEDOR EM COMERCIO ATACADIST;SOLTEIRO(A);;
M;38;1989;VENDEDOR EM COMERCIO ATACADIST;SOLTEIRO(A);;
M;28;1645;VENDEDOR EM COMERCIO ATACADIST;SOLTEIRO(A);;
M;35;1360;VENDEDOR EM COMERCIO ATACADIST;SOLTEIRO(A);;
M;44;3916;VENDEDOR EM COMERCIO ATACADIST;CASADO(A);;
F;46;1775;VENDEDOR EM COMERCIO ATACADIST;SOLTEIRO(A);;
M;31;3237;VENDEDOR EM COMERCIO ATACADIST;SOLTEIRO(A);;
M;67;3702;VENDEDOR EM COMERCIO ATACADIST;CASADO(A);;
M;44;2420;VENDEDOR EM COMERCIO ATACADIST;CASADO(A);;
M;61;2692;VENDEDOR EM COMERCIO ATACADIST;OUTROS;;
M;37;4082;VENDEDOR EM COMERCIO ATACADIST;OUTROS;;
M;44;2559;VENDEDOR EM COMERCIO ATACADIST;CASADO(A);;
M;36;3369;VENDEDOR EM COMERCIO ATACADIST;CASADO(A);;
M;42;2510;VENDEDOR EM COMERCIO ATACADIST;SEPARADO(A) JUDICIALMENTE;;
M;50;2905;VENDEDOR EM COMERCIO ATACADIST;CASADO(A);;
M;35;3520;VENDEDOR EM COMERCIO ATACADIST;CASADO(A);;
M;40;2831;VENDEDOR EM COMERCIO ATACADIST;CASADO(A);;
M;35;3588;VENDEDOR EM COMERCIO ATACADIST;OUTROS;;
M;35;3899;VENDEDOR EM COMERCIO ATACADIST;CASADO(A);;
F;37;2600;VENDEDOR EM COMERCIO ATACADIST;OUTROS;;
M;41;4522;VENDEDOR EM COMERCIO ATACADIST;CASADO(A);;
M;48;4452;VENDEDOR EM COMERCIO ATACADIST;SEPARADO(A) JUDICIALMENTE;;
M;34;4082;VENDEDOR EM COMERCIO ATACADIST;SOLTEIRO(A);;
M;61;2682;VENDEDOR EM COMERCIO ATACADIST;SEPARADO(A) JUDICIALMENTE;;
F;36;3407;VENDEDOR EM COMERCIO ATACADIST;CASADO(A);;
M;48;3112;VENDEDOR EM COMERCIO ATACADIST;SEPARADO(A) JUDICIALMENTE;;
M;35;2273;VENDEDOR EM COMERCIO ATACADIST;SOLTEIRO(A);;
M;41;3387;VENDEDOR EM COMERCIO ATACADIST;SOLTEIRO(A);;
M;66;2291;VENDEDOR EM COMERCIO ATACADIST;CASADO(A);;
M;41;3465;VENDEDOR EM COMERCIO ATACADIST;CASADO(A);;
F;34;3135;VENDEDOR EM COMERCIO ATACADIST;SOLTEIRO(A);;
F;57;2151;VENDEDOR EM COMERCIO ATACADIST;OUTROS;;
M;59;2004;VENDEDOR EM COMERCIO ATACADIST;OUTROS;;
M;34;3852;VENDEDOR EM COMERCIO ATACADIST;SOLTEIRO(A);;
M;41;4022;VENDEDOR EM COMERCIO ATACADIST;SOLTEIRO(A);;
M;41;3520;VENDEDOR EM COMERCIO ATACADIST;CASADO(A);;
M;32;3030;VENDEDOR EM COMERCIO ATACADIST;CASADO(A);;
M;43;3532;VENDEDOR EM COMERCIO ATACADIST;SOLTEIRO(A);;
M;41;3703;VENDEDOR EM COMERCIO ATACADIST;CASADO(A);;
M;39;4107;VENDEDOR EM COMERCIO ATACADIST;SEPARADO(A) JUDICIALMENTE;;
M;32;5795;VENDEDOR EM COMERCIO ATACADIST;CASADO(A);;
F;41;4470;VENDEDOR EM COMERCIO ATACADIST;CASADO(A);;
M;43;1580;VENDEDOR EM COMERCIO ATACADIST;CASADO(A);;
M;49;1461;VENDEDOR EM COMERCIO ATACADIST;CASADO(A);;
M;45;1490;VENDEDOR EM COMERCIO ATACADIST;CASADO(A);;
M;62;1536;VENDEDOR EM COMERCIO ATACADIST;SOLTEIRO(A);;
F;49;1343;VENDEDOR EM COMERCIO ATACADIST;CASADO(A);;
F;58;2347;VENDEDOR EM COMERCIO ATACADIST;CASADO(A);;
M;40;2164;VENDEDOR EM COMERCIO ATACADIST;SEPARADO(A) JUDICIALMENTE;;
M;71;2351;VENDEDOR EM COMERCIO ATACADIST;CASADO(A);;
M;39;1781;VENDEDOR EM COMERCIO ATACADIST;CASADO(A);;
F;45;2441;VENDEDOR EM COMERCIO ATACADIST;SOLTEIRO(A);;
M;48;2003;VENDEDOR EM COMERCIO ATACADIST;SOLTEIRO(A);;
F;40;1737;VENDEDOR EM COMERCIO ATACADIST;CASADO(A);;
F;37;3927;VENDEDOR EM COMERCIO ATACADIST;CASADO(A);;
M;33;4912;VENDEDOR EM COMERCIO ATACADIST;SOLTEIRO(A);;
M;41;3520;VENDEDOR EM COMERCIO ATACADIST;CASADO(A);;
M;69;2471;VENDEDOR EM COMERCIO ATACADIST;CASADO(A);;
M;68;2057;VENDEDOR EM COMERCIO ATACADIST;CASADO(A);;
F;44;4858;VENDEDOR EM COMERCIO ATACADIST;CASADO(A);;
F;33;1945;VENDEDOR EM COMERCIO ATACADIST;SOLTEIRO(A);;
M;61;2750;VENDEDOR EM COMERCIO ATACADIST;CASADO(A);;
M;38;1665;VENDEDOR EM COMERCIO ATACADIST;SOLTEIRO(A);;
M;49;4022;VENDEDOR EM COMERCIO ATACADIST;CASADO(A);;
M;48;3927;VENDEDOR EM COMERCIO ATACADIST;CASADO(A);;
M;52;1789;VENDEDOR EM COMERCIO ATACADIST;CASADO(A);;
M;40;2422;VENDEDOR EM COMERCIO ATACADIST;OUTROS;;
F;41;1955;VENDEDOR EM COMERCIO ATACADIST;SOLTEIRO(A);;
F;39;3469;VENDEDOR EM COMERCIO ATACADIST;SOLTEIRO(A);;
F;42;2080;VENDEDOR EM COMERCIO ATACADIST;SOLTEIRO(A);;
M;38;4611;VENDEDOR EM COMERCIO ATACADIST;SOLTEIRO(A);;
M;53;2904;VENDEDOR EM COMERCIO ATACADIST;CASADO(A);;
M;38;1944;VENDEDOR EM COMERCIO ATACADIST;SOLTEIRO(A);;
M;37;3051;VENDEDOR EM COMERCIO ATACADIST;SOLTEIRO(A);;
M;39;2691;VENDEDOR EM COMERCIO ATACADIST;SEPARADO(A) JUDICIALMENTE;;
M;46;3647;VENDEDOR EM COMERCIO ATACADIST;CASADO(A);;
F;37;3899;VENDEDOR EM COMERCIO ATACADIST;SOLTEIRO(A);;
M;29;2374;VENDEDOR EM COMERCIO ATACADIST;CASADO(A);;
M;53;4522;VENDEDOR EM COMERCIO ATACADIST;SOLTEIRO(A);;
F;41;2374;VENDEDOR EM COMERCIO ATACADIST;CASADO(A);;
F;40;2891;VENDEDOR EM COMERCIO ATACADIST;SOLTEIRO(A);;
M;56;1500;VENDEDOR EM COMERCIO ATACADIST;CASADO(A);;
M;76;5242;VENDEDOR EM COMERCIO ATACADIST;CASADO(A);;
M;37;2754;VENDEDOR EM COMERCIO ATACADIST;SOLTEIRO(A);;
M;46;3732;VENDEDOR EM COMERCIO ATACADIST;SEPARADO(A) JUDICIALMENTE;;
M;46;2016;VENDEDOR EM COMERCIO ATACADIST;CASADO(A);;
M;55;2904;VENDEDOR EM COMERCIO ATACADIST;CASADO(A);;
M;58;964;VENDEDOR EM COMERCIO ATACADIST;CASADO(A);;
M;62;2580;VENDEDOR EM COMERCIO ATACADIST;CASADO(A);;
F;40;2273;VENDEDOR EM COMERCIO ATACADIST;SOLTEIRO(A);;
M;54;1446;VENDEDOR EM COMERCIO ATACADIST;CASADO(A);;
M;55;3508;VENDEDOR EM COMERCIO ATACADIST;CASADO(A);;
M;64;7342;VENDEDOR EM COMERCIO ATACADIST;OUTROS;;
M;61;2783;VENDEDOR EM COMERCIO ATACADIST;OUTROS;;
M;34;2692;VENDEDOR EM COMERCIO ATACADIST;CASADO(A);;
M;43;2485;VENDEDOR EM COMERCIO ATACADIST;CASADO(A);;
M;33;3994;VENDEDOR EM COMERCIO ATACADIST;SOLTEIRO(A);;
M;40;1593;VENDEDOR EM COMERCIO ATACADIST;SOLTEIRO(A);;
M;53;1499;VENDEDOR EM COMERCIO ATACADIST;CASADO(A);;
M;40;4082;VENDEDOR EM COMERCIO ATACADIST;CASADO(A);;
F;45;2040;VENDEDOR EM COMERCIO ATACADIST;SOLTEIRO(A);;
M;52;2568;VENDEDOR EM COMERCIO ATACADIST;CASADO(A);;
M;49;5141;VENDEDOR EM COMERCIO ATACADIST;SEPARADO(A) JUDICIALMENTE;;
M;49;2088;VENDEDOR EM COMERCIO ATACADIST;SEPARADO(A) JUDICIALMENTE;;
M;49;2307;VENDEDOR EM COMERCIO ATACADIST;SEPARADO(A) JUDICIALMENTE;;
M;49;5032;VENDEDOR EM COMERCIO ATACADIST;CASADO(A);;
M;45;3358;VENDEDOR EM COMERCIO ATACADIST;OUTROS;;
M;33;2904;VENDEDOR EM COMERCIO ATACADIST;SOLTEIRO(A);;
M;35;2422;VENDEDOR EM COMERCIO ATACADIST;SOLTEIRO(A);;
M;32;2395;VENDEDOR EM COMERCIO ATACADIST;CASADO(A);;
M;26;1992;VENDEDOR EM COMERCIO ATACADIST;SOLTEIRO(A);;
F;46;1955;VENDEDOR EM COMERCIO ATACADIST;CASADO(A);;
M;42;4022;VENDEDOR EM COMERCIO ATACADIST;CASADO(A);;
F;29;2246;VENDEDOR EM COMERCIO ATACADIST;SOLTEIRO(A);;
M;67;3140;VENDEDOR EM COMERCIO ATACADIST;OUTROS;;
M;39;2917;VENDEDOR EM COMERCIO ATACADIST;SOLTEIRO(A);;
M;58;2999;VENDEDOR EM COMERCIO ATACADIST;CASADO(A);;
M;33;3111;VENDEDOR EM COMERCIO ATACADIST;SOLTEIRO(A);;
F;45;3182;VENDEDOR EM COMERCIO ATACADIST;SOLTEIRO(A);;
M;48;2662;VENDEDOR EM COMERCIO ATACADIST;CASADO(A);;
M;38;1644;VENDEDOR EM COMERCIO ATACADIST;CASADO(A);;
M;48;3267;VENDEDOR EM COMERCIO ATACADIST;CASADO(A);;
F;39;3255;VENDEDOR EM COMERCIO ATACADIST;SOLTEIRO(A);;
F;29;2915;VENDEDOR EM COMERCIO ATACADIST;SOLTEIRO(A);;
M;59;4522;VENDEDOR EM COMERCIO ATACADIST;CASADO(A);;
M;26;3725;VENDEDOR EM COMERCIO ATACADIST;SOLTEIRO(A);;
M;61;2756;VENDEDOR EM COMERCIO ATACADIST;OUTROS;;
M;32;2255;VENDEDOR EM COMERCIO ATACADIST;SOLTEIRO(A);;
F;31;2826;VENDEDOR EM COMERCIO ATACADIST;CASADO(A);;
M;40;4522;VENDEDOR EM COMERCIO ATACADIST;CASADO(A);;
M;38;4306;VENDEDOR EM COMERCIO ATACADIST;CASADO(A);;
M;40;4295;VENDEDOR EM COMERCIO ATACADIST;CASADO(A);;
F;51;3916;VENDEDOR EM COMERCIO ATACADIST;SOLTEIRO(A);;
M;31;4279;VENDEDOR EM COMERCIO ATACADIST;SOLTEIRO(A);;
M;46;1755;VENDEDOR EM COMERCIO ATACADIST;SEPARADO(A) JUDICIALMENTE;;
M;53;2160;VENDEDOR EM COMERCIO ATACADIST;CASADO(A);;
M;54;2691;VENDEDOR EM COMERCIO ATACADIST;SEPARADO(A) JUDICIALMENTE;;
M;50;1596;VENDEDOR EM COMERCIO ATACADIST;CASADO(A);;
F;40;3976;VENDEDOR EM COMERCIO ATACADIST;CASADO(A);;
M;44;2016;VENDEDOR EM COMERCIO ATACADIST;SOLTEIRO(A);;
M;67;2795;VENDEDOR EM COMERCIO ATACADIST;OUTROS;;
M;39;2542;VENDEDOR EM COMERCIO ATACADIST;SEPARADO(A) JUDICIALMENTE;;
F;37;2347;VENDEDOR EM COMERCIO ATACADIST;CASADO(A);;
F;55;1493;VENDEDOR EM COMERCIO ATACADIST;CASADO(A);;
M;56;2347;VENDEDOR EM COMERCIO ATACADIST;CASADO(A);;
M;51;3136;VENDEDOR EM COMERCIO ATACADIST;CASADO(A);;
F;36;1861;VENDEDOR EM COMERCIO ATACADIST;CASADO(A);;
M;42;2599;VENDEDOR EM COMERCIO ATACADIST;CASADO(A);;
M;29;2143;VENDEDOR EM COMERCIO ATACADIST;CASADO(A);;
M;61;1350;VIGIA;CASADO(A);;
M;61;1402;VIGIA;CASADO(A);;
M;53;2224;ZELADOR DE EDIFÍCIO;CASADO(A);;
M;53;2463;ZELADOR DE EDIFÍCIO;CASADO(A);;
M;48;2139;ZELADOR DE EDIFÍCIO;OUTROS;;
